Datum,Marke,Modell,Preis_Euro,Verkaufszahl,Kraftstoff,Getriebe,Hubraum_L,Bundesland,Kundenzufriedenheit,Jahr,Monat,Wochentag
2024-01-01,Mercedes-Benz,C-Klasse,66835,2,Elektro,Automatik,0.0,Berlin,4.7,2024,1,Monday
2024-01-01,Mercedes-Benz,E-Klasse,93803,2,Benzin,Manuell,1.2,Nrw,3.2,2024,1,Monday
2024-01-07,Volkswagen,Passat,45929,6,Hybrid,Manuell,2.0,Baden-Württemberg,3.2,2024,1,Sunday
2024-01-07,Mercedes-Benz,C-Klasse,76943,3,Diesel,Automatik,4.0,Berlin,3.4,2024,1,Sunday
2024-01-08,Bmw,5Er,107912,1,Elektro,Automatik,0.0,Berlin,3.2,2024,1,Monday
2024-01-08,Volkswagen,Id.4,45975,1,Elektro,Automatik,1.2,Hessen,3.6,2024,1,Monday
2024-01-08,Mercedes-Benz,Eqe,62180,8,Elektro,Manuell,0.0,Berlin,4.7,2024,1,Monday
2024-01-10,Opel,Corsa,33246,6,Benzin,Manuell,4.0,Berlin,3.2,2024,1,Wednesday
2024-01-10,Opel,Mokka,42968,1,Benzin,Automatik,4.0,Hessen,4.6,2024,1,Wednesday
2024-01-12,Volkswagen,Id.4,50518,8,Elektro,Manuell,1.6,Hamburg,3.6,2024,1,Friday
2024-01-12,Mercedes-Benz,C-Klasse,66859,5,Benzin,Manuell,0.0,Baden-Württemberg,3.1,2024,1,Friday
2024-01-12,Mercedes-Benz,Eqe,61390,7,Elektro,Manuell,2.0,Hamburg,3.8,2024,1,Friday
2024-01-12,Opel,Mokka,29704,4,Hybrid,Manuell,0.0,Baden-Württemberg,3.6,2024,1,Friday
2024-01-13,Audi,Q5,73996,9,Diesel,Automatik,2.0,Bayern,3.1,2024,1,Saturday
2024-01-13,Audi,Q5,100746,6,Elektro,Automatik,0.0,Baden-Württemberg,3.4,2024,1,Saturday
2024-01-14,Mercedes-Benz,C-Klasse,96473,1,Hybrid,Automatik,1.6,Berlin,3.1,2024,1,Sunday
2024-01-16,Volkswagen,Id.4,28849,5,Elektro,Manuell,0.0,Hamburg,4.4,2024,1,Tuesday
2024-01-16,Bmw,X5,47610,4,Diesel,Manuell,1.6,Baden-Württemberg,4.2,2024,1,Tuesday
2024-01-17,Bmw,5Er,86627,4,Benzin,Automatik,1.2,Nrw,3.0,2024,1,Wednesday
2024-01-17,Audi,E-Tron,45832,1,Elektro,Manuell,3.0,Hamburg,4.1,2024,1,Wednesday
2024-01-19,Bmw,5Er,91607,5,Diesel,Automatik,1.2,Hamburg,3.7,2024,1,Friday
2024-01-19,Mercedes-Benz,E-Klasse,68257,6,Hybrid,Automatik,1.2,Baden-Württemberg,4.8,2024,1,Friday
2024-01-19,Audi,A6,67808,4,Elektro,Automatik,0.0,Nrw,3.8,2024,1,Friday
2024-01-20,Audi,Q5,100517,4,Diesel,Manuell,3.0,Hessen,3.3,2024,1,Saturday
2024-01-20,Opel,Grandland,29033,6,Diesel,Manuell,1.6,Nrw,4.5,2024,1,Saturday
2024-01-20,Mercedes-Benz,C-Klasse,105751,3,Benzin,Manuell,1.2,Hamburg,3.3,2024,1,Saturday
2024-01-21,Opel,Astra,32212,1,Benzin,Manuell,0.0,Bayern,3.3,2024,1,Sunday
2024-01-21,Mercedes-Benz,Eqe,85205,7,Elektro,Manuell,1.2,Hessen,4.7,2024,1,Sunday
2024-01-22,Mercedes-Benz,E-Klasse,96976,7,Benzin,Automatik,1.6,Hessen,3.6,2024,1,Monday
2024-01-23,Opel,Corsa,18719,8,Hybrid,Automatik,2.0,Hessen,3.3,2024,1,Tuesday
2024-01-23,Audi,E-Tron,91925,3,Elektro,Automatik,1.6,Berlin,3.2,2024,1,Tuesday
2024-01-25,Opel,Corsa,21363,4,Hybrid,Manuell,1.2,Bayern,5.0,2024,1,Thursday
2024-01-26,Audi,Q5,50179,4,Hybrid,Automatik,2.0,Nrw,3.6,2024,1,Friday
2024-01-26,Audi,A4,64351,1,Diesel,Automatik,1.6,Baden-Württemberg,3.3,2024,1,Friday
2024-01-28,Bmw,5Er,95574,9,Hybrid,Automatik,3.0,Hamburg,3.3,2024,1,Sunday
2024-01-29,Volkswagen,Id.4,56331,8,Elektro,Automatik,0.0,Hamburg,3.1,2024,1,Monday
2024-01-30,Opel,Astra,40900,8,Benzin,Automatik,2.0,Baden-Württemberg,3.2,2024,1,Tuesday
2024-01-30,Bmw,3Er,45661,7,Diesel,Automatik,1.2,Nrw,3.4,2024,1,Tuesday
2024-02-01,Audi,Q5,56964,6,Hybrid,Automatik,1.2,Berlin,4.9,2024,2,Thursday
2024-02-04,Mercedes-Benz,E-Klasse,51813,2,Benzin,Automatik,2.0,Baden-Württemberg,3.8,2024,2,Sunday
2024-02-04,Opel,Corsa,22195,3,Benzin,Manuell,2.0,Baden-Württemberg,4.7,2024,2,Sunday
2024-02-05,Bmw,X5,55582,8,Benzin,Manuell,0.0,Hamburg,4.1,2024,2,Monday
2024-02-07,Bmw,3Er,59824,2,Benzin,Automatik,4.0,Bayern,4.2,2024,2,Wednesday
2024-02-08,Opel,Astra,25011,1,Benzin,Manuell,1.6,Hamburg,4.4,2024,2,Thursday
2024-02-09,Opel,Grandland,21551,8,Diesel,Manuell,0.0,Bayern,5.0,2024,2,Friday
2024-02-10,Volkswagen,Id.4,47547,8,Elektro,Automatik,0.0,Berlin,3.3,2024,2,Saturday
2024-02-10,Volkswagen,Id.4,50069,9,Elektro,Automatik,3.0,Bayern,3.7,2024,2,Saturday
2024-02-10,Mercedes-Benz,C-Klasse,87564,5,Benzin,Automatik,3.0,Berlin,4.7,2024,2,Saturday
2024-02-10,Opel,Corsa,24968,6,Elektro,Manuell,0.0,Baden-Württemberg,4.1,2024,2,Saturday
2024-02-10,Opel,Mokka,26312,6,Benzin,Automatik,1.6,Hamburg,3.3,2024,2,Saturday
2024-02-11,Audi,E-Tron,66910,8,Elektro,Automatik,3.0,Hessen,4.2,2024,2,Sunday
2024-02-12,Volkswagen,Golf,26098,9,Benzin,Manuell,3.0,Berlin,3.6,2024,2,Monday
2024-02-12,Mercedes-Benz,Eqe,97857,3,Elektro,Manuell,4.0,Hessen,4.1,2024,2,Monday
2024-02-12,Mercedes-Benz,Glc,108272,9,Diesel,Automatik,1.6,Berlin,4.9,2024,2,Monday
2024-02-13,Mercedes-Benz,Eqe,95475,8,Elektro,Automatik,4.0,Baden-Württemberg,4.6,2024,2,Tuesday
2024-02-13,Mercedes-Benz,Eqe,70447,9,Elektro,Automatik,2.0,Berlin,3.1,2024,2,Tuesday
2024-02-16,Volkswagen,Golf,29986,1,Diesel,Manuell,3.0,Nrw,3.1,2024,2,Friday
2024-02-16,Mercedes-Benz,E-Klasse,55451,6,Elektro,Manuell,0.0,Nrw,3.3,2024,2,Friday
2024-02-18,Volkswagen,Id.4,46542,9,Elektro,Automatik,1.2,Hamburg,4.1,2024,2,Sunday
2024-02-18,Mercedes-Benz,C-Klasse,116897,3,Hybrid,Manuell,2.0,Hessen,3.8,2024,2,Sunday
2024-02-18,Bmw,5Er,48927,6,Benzin,Automatik,1.6,Berlin,3.2,2024,2,Sunday
2024-02-18,Mercedes-Benz,Glc,67438,3,Elektro,Automatik,0.0,Bayern,4.0,2024,2,Sunday
2024-02-19,Mercedes-Benz,E-Klasse,92417,9,Diesel,Automatik,2.0,Berlin,3.3,2024,2,Monday
2024-02-19,Opel,Corsa,20895,5,Hybrid,Automatik,1.6,Bayern,4.0,2024,2,Monday
2024-02-24,Volkswagen,Golf,51086,3,Elektro,Automatik,0.0,Hamburg,3.2,2024,2,Saturday
2024-02-24,Opel,Astra,39625,9,Diesel,Automatik,1.6,Berlin,3.1,2024,2,Saturday
2024-02-25,Audi,E-Tron,45776,6,Elektro,Automatik,0.0,Nrw,3.0,2024,2,Sunday
2024-02-26,Mercedes-Benz,Glc,86081,8,Benzin,Manuell,1.2,Hamburg,4.1,2024,2,Monday
2024-02-26,Audi,A6,54270,2,Benzin,Automatik,0.0,Berlin,4.6,2024,2,Monday
2024-02-27,Mercedes-Benz,E-Klasse,72318,5,Benzin,Manuell,1.2,Hessen,3.1,2024,2,Tuesday
2024-02-27,Volkswagen,Passat,38283,8,Hybrid,Automatik,0.0,Nrw,4.6,2024,2,Tuesday
2024-02-29,Bmw,I4,64799,3,Elektro,Manuell,0.0,Hessen,4.6,2024,2,Thursday
2024-02-29,Volkswagen,Passat,49322,6,Benzin,Automatik,1.2,Berlin,3.7,2024,2,Thursday
2024-02-29,Opel,Corsa,24353,7,Hybrid,Automatik,2.0,Hamburg,3.2,2024,2,Thursday
2024-03-02,Audi,A4,85536,7,Benzin,Automatik,1.6,Hessen,3.1,2024,3,Saturday
2024-03-03,Opel,Grandland,23788,8,Diesel,Manuell,1.2,Hamburg,3.5,2024,3,Sunday
2024-03-03,Bmw,5Er,91132,2,Hybrid,Automatik,1.6,Baden-Württemberg,3.6,2024,3,Sunday
2024-03-03,Bmw,5Er,72518,2,Diesel,Automatik,4.0,Bayern,4.8,2024,3,Sunday
2024-03-05,Volkswagen,Tiguan,43691,7,Benzin,Manuell,1.2,Bayern,3.0,2024,3,Tuesday
2024-03-05,Bmw,3Er,86243,7,Elektro,Automatik,0.0,Hessen,4.4,2024,3,Tuesday
2024-03-06,Bmw,X5,75908,8,Benzin,Manuell,0.0,Nrw,4.5,2024,3,Wednesday
2024-03-06,Volkswagen,Passat,34171,6,Elektro,Manuell,0.0,Hessen,4.6,2024,3,Wednesday
2024-03-06,Volkswagen,Golf,44493,9,Hybrid,Automatik,1.6,Baden-Württemberg,4.6,2024,3,Wednesday
2024-03-06,Mercedes-Benz,E-Klasse,117391,5,Diesel,Automatik,2.0,Hamburg,3.4,2024,3,Wednesday
2024-03-07,Opel,Astra,33996,3,Diesel,Manuell,0.0,Hessen,4.5,2024,3,Thursday
2024-03-07,Bmw,I4,67313,3,Elektro,Manuell,0.0,Hessen,4.1,2024,3,Thursday
2024-03-08,Audi,A4,78213,7,Elektro,Manuell,0.0,Nrw,4.4,2024,3,Friday
2024-03-08,Opel,Grandland,20600,7,Elektro,Manuell,0.0,Bayern,3.0,2024,3,Friday
2024-03-10,Mercedes-Benz,C-Klasse,70313,2,Diesel,Automatik,4.0,Berlin,3.7,2024,3,Sunday
2024-03-10,Opel,Grandland,31379,8,Benzin,Manuell,4.0,Baden-Württemberg,4.9,2024,3,Sunday
2024-03-10,Volkswagen,Passat,29857,6,Diesel,Manuell,1.2,Hamburg,4.7,2024,3,Sunday
2024-03-12,Bmw,I4,50141,2,Elektro,Automatik,3.0,Berlin,3.6,2024,3,Tuesday
2024-03-13,Bmw,3Er,91633,2,Diesel,Manuell,4.0,Hessen,4.1,2024,3,Wednesday
2024-03-13,Volkswagen,Golf,57969,2,Diesel,Automatik,2.0,Bayern,3.7,2024,3,Wednesday
2024-03-13,Audi,A6,58978,6,Benzin,Manuell,3.0,Nrw,3.1,2024,3,Wednesday
2024-03-13,Opel,Grandland,18276,3,Elektro,Automatik,0.0,Hamburg,3.2,2024,3,Wednesday
2024-03-14,Volkswagen,Passat,56312,7,Elektro,Automatik,0.0,Berlin,4.6,2024,3,Thursday
2024-03-15,Volkswagen,Tiguan,25619,9,Benzin,Automatik,2.0,Baden-Württemberg,3.9,2024,3,Friday
2024-03-15,Volkswagen,Id.4,44356,4,Elektro,Automatik,1.2,Hessen,3.6,2024,3,Friday
2024-03-15,Bmw,I4,46700,2,Elektro,Manuell,1.2,Bayern,3.9,2024,3,Friday
2024-03-16,Volkswagen,Id.4,26116,3,Elektro,Manuell,4.0,Hessen,3.3,2024,3,Saturday
2024-03-16,Opel,Grandland,21676,7,Diesel,Manuell,3.0,Hamburg,3.4,2024,3,Saturday
2024-03-17,Audi,E-Tron,63173,9,Elektro,Automatik,1.2,Hamburg,3.5,2024,3,Sunday
2024-03-18,Audi,Q5,98213,8,Hybrid,Automatik,1.6,Bayern,5.0,2024,3,Monday
2024-03-19,Audi,Q5,79129,3,Elektro,Automatik,0.0,Hamburg,4.9,2024,3,Tuesday
2024-03-19,Opel,Mokka,40918,2,Benzin,Manuell,0.0,Nrw,3.8,2024,3,Tuesday
2024-03-19,Audi,E-Tron,91387,7,Elektro,Automatik,3.0,Nrw,3.5,2024,3,Tuesday
2024-03-20,Mercedes-Benz,Eqe,118487,2,Elektro,Manuell,0.0,Hessen,4.4,2024,3,Wednesday
2024-03-21,Opel,Astra,44935,6,Benzin,Manuell,3.0,Baden-Württemberg,4.7,2024,3,Thursday
2024-03-22,Opel,Mokka,19913,7,Diesel,Manuell,1.2,Bayern,4.6,2024,3,Friday
2024-03-23,Bmw,5Er,69297,7,Benzin,Automatik,0.0,Berlin,3.2,2024,3,Saturday
2024-03-23,Mercedes-Benz,C-Klasse,72931,9,Benzin,Automatik,2.0,Hamburg,3.7,2024,3,Saturday
2024-03-24,Opel,Grandland,44186,3,Benzin,Automatik,2.0,Baden-Württemberg,4.9,2024,3,Sunday
2024-03-24,Bmw,X5,70398,5,Diesel,Manuell,1.2,Bayern,4.0,2024,3,Sunday
2024-03-24,Bmw,3Er,76174,4,Benzin,Automatik,3.0,Hessen,4.6,2024,3,Sunday
2024-03-26,Bmw,5Er,57265,3,Benzin,Automatik,3.0,Berlin,3.4,2024,3,Tuesday
2024-03-27,Volkswagen,Golf,29138,4,Diesel,Automatik,1.6,Hessen,4.7,2024,3,Wednesday
2024-03-27,Bmw,I4,74796,6,Elektro,Manuell,1.6,Nrw,4.0,2024,3,Wednesday
2024-03-27,Volkswagen,Tiguan,31318,7,Diesel,Automatik,0.0,Bayern,4.2,2024,3,Wednesday
2024-03-28,Bmw,I4,60493,1,Elektro,Manuell,2.0,Hessen,3.9,2024,3,Thursday
2024-03-29,Audi,Q5,50825,3,Diesel,Manuell,3.0,Bayern,4.9,2024,3,Friday
2024-04-01,Audi,E-Tron,78333,8,Elektro,Automatik,0.0,Bayern,3.4,2024,4,Monday
2024-04-01,Mercedes-Benz,C-Klasse,65038,3,Hybrid,Manuell,2.0,Baden-Württemberg,3.3,2024,4,Monday
2024-04-02,Bmw,5Er,92399,7,Hybrid,Automatik,1.2,Berlin,3.7,2024,4,Tuesday
2024-04-04,Opel,Grandland,22208,7,Benzin,Manuell,2.0,Bayern,4.2,2024,4,Thursday
2024-04-06,Mercedes-Benz,C-Klasse,66209,7,Diesel,Manuell,1.6,Hessen,4.5,2024,4,Saturday
2024-04-06,Mercedes-Benz,C-Klasse,110142,9,Elektro,Automatik,0.0,Bayern,4.3,2024,4,Saturday
2024-04-07,Bmw,X5,60523,9,Benzin,Automatik,3.0,Berlin,3.7,2024,4,Sunday
2024-04-08,Volkswagen,Passat,40717,4,Elektro,Manuell,0.0,Nrw,3.4,2024,4,Monday
2024-04-10,Mercedes-Benz,E-Klasse,57006,2,Elektro,Manuell,0.0,Hamburg,4.0,2024,4,Wednesday
2024-04-10,Mercedes-Benz,E-Klasse,98933,6,Diesel,Automatik,4.0,Hessen,4.9,2024,4,Wednesday
2024-04-10,Audi,E-Tron,68694,5,Elektro,Manuell,1.6,Baden-Württemberg,4.0,2024,4,Wednesday
2024-04-10,Mercedes-Benz,Glc,78454,6,Hybrid,Manuell,4.0,Bayern,4.2,2024,4,Wednesday
2024-04-11,Bmw,3Er,68749,4,Elektro,Automatik,0.0,Hamburg,3.5,2024,4,Thursday
2024-04-11,Bmw,X5,46932,2,Diesel,Manuell,1.6,Hessen,4.6,2024,4,Thursday
2024-04-12,Mercedes-Benz,C-Klasse,93427,3,Diesel,Automatik,4.0,Bayern,4.3,2024,4,Friday
2024-04-13,Opel,Astra,22761,1,Elektro,Automatik,0.0,Hessen,4.5,2024,4,Saturday
2024-04-13,Bmw,X5,66729,3,Hybrid,Automatik,2.0,Berlin,4.5,2024,4,Saturday
2024-04-13,Bmw,I4,60088,9,Elektro,Automatik,1.6,Berlin,3.2,2024,4,Saturday
2024-04-14,Opel,Grandland,41936,4,Elektro,Manuell,0.0,Berlin,4.8,2024,4,Sunday
2024-04-14,Bmw,3Er,100103,7,Benzin,Manuell,3.0,Berlin,3.7,2024,4,Sunday
2024-04-16,Volkswagen,Golf,44238,9,Hybrid,Automatik,1.6,Hamburg,4.7,2024,4,Tuesday
2024-04-17,Mercedes-Benz,Glc,68693,7,Elektro,Automatik,0.0,Berlin,3.3,2024,4,Wednesday
2024-04-17,Mercedes-Benz,Eqe,70963,6,Elektro,Automatik,0.0,Hessen,4.2,2024,4,Wednesday
2024-04-18,Volkswagen,Golf,54566,5,Benzin,Manuell,4.0,Berlin,4.8,2024,4,Thursday
2024-04-18,Volkswagen,Tiguan,45025,3,Hybrid,Automatik,4.0,Hamburg,3.7,2024,4,Thursday
2024-04-18,Audi,Q5,70722,2,Elektro,Automatik,0.0,Hamburg,3.1,2024,4,Thursday
2024-04-19,Audi,E-Tron,100903,3,Elektro,Manuell,3.0,Bayern,4.4,2024,4,Friday
2024-04-20,Opel,Grandland,22426,3,Diesel,Manuell,3.0,Nrw,4.8,2024,4,Saturday
2024-04-21,Volkswagen,Tiguan,37721,2,Diesel,Automatik,1.6,Nrw,4.6,2024,4,Sunday
2024-04-21,Mercedes-Benz,E-Klasse,95095,6,Elektro,Manuell,0.0,Bayern,4.2,2024,4,Sunday
2024-04-22,Bmw,I4,87506,6,Elektro,Manuell,0.0,Bayern,3.1,2024,4,Monday
2024-04-22,Mercedes-Benz,C-Klasse,85842,2,Benzin,Manuell,2.0,Bayern,4.6,2024,4,Monday
2024-04-22,Bmw,I4,73172,7,Elektro,Manuell,0.0,Hessen,4.0,2024,4,Monday
2024-04-22,Opel,Grandland,30867,9,Elektro,Automatik,0.0,Nrw,3.4,2024,4,Monday
2024-04-23,Audi,Q5,88077,7,Elektro,Automatik,0.0,Bayern,3.7,2024,4,Tuesday
2024-04-24,Mercedes-Benz,C-Klasse,69581,9,Hybrid,Manuell,2.0,Hamburg,4.5,2024,4,Wednesday
2024-04-25,Mercedes-Benz,C-Klasse,85428,4,Diesel,Automatik,4.0,Bayern,3.9,2024,4,Thursday
2024-04-26,Audi,E-Tron,67882,4,Elektro,Automatik,1.2,Baden-Württemberg,4.3,2024,4,Friday
2024-04-26,Bmw,3Er,54764,2,Benzin,Automatik,2.0,Berlin,4.4,2024,4,Friday
2024-04-27,Volkswagen,Passat,48199,1,Diesel,Automatik,4.0,Baden-Württemberg,3.8,2024,4,Saturday
2024-04-27,Bmw,3Er,76279,1,Diesel,Manuell,2.0,Baden-Württemberg,3.7,2024,4,Saturday
2024-04-27,Opel,Grandland,35028,8,Hybrid,Manuell,0.0,Berlin,3.4,2024,4,Saturday
2024-04-28,Volkswagen,Tiguan,43156,7,Elektro,Manuell,0.0,Hamburg,4.2,2024,4,Sunday
2024-04-28,Mercedes-Benz,Glc,55939,4,Elektro,Manuell,0.0,Nrw,4.8,2024,4,Sunday
2024-04-29,Bmw,3Er,85586,4,Benzin,Manuell,0.0,Hessen,4.2,2024,4,Monday
2024-04-29,Opel,Astra,19988,6,Diesel,Automatik,3.0,Bayern,3.8,2024,4,Monday
2024-05-01,Bmw,X5,65132,8,Benzin,Automatik,2.0,Nrw,4.3,2024,5,Wednesday
2024-05-03,Volkswagen,Passat,29213,6,Elektro,Automatik,0.0,Berlin,3.2,2024,5,Friday
2024-05-03,Volkswagen,Passat,58204,2,Diesel,Manuell,3.0,Nrw,3.2,2024,5,Friday
2024-05-03,Volkswagen,Golf,55873,2,Elektro,Manuell,0.0,Hessen,3.8,2024,5,Friday
2024-05-03,Opel,Corsa,21731,7,Hybrid,Automatik,1.6,Berlin,4.7,2024,5,Friday
2024-05-06,Opel,Astra,37233,9,Elektro,Automatik,0.0,Hamburg,4.2,2024,5,Monday
2024-05-06,Audi,E-Tron,46296,6,Elektro,Manuell,0.0,Hessen,4.2,2024,5,Monday
2024-05-06,Volkswagen,Passat,41678,9,Benzin,Automatik,2.0,Berlin,3.6,2024,5,Monday
2024-05-07,Volkswagen,Tiguan,45936,6,Hybrid,Manuell,4.0,Hamburg,4.8,2024,5,Tuesday
2024-05-07,Audi,E-Tron,81216,5,Elektro,Manuell,4.0,Bayern,3.4,2024,5,Tuesday
2024-05-08,Mercedes-Benz,Glc,61308,3,Benzin,Manuell,0.0,Baden-Württemberg,4.9,2024,5,Wednesday
2024-05-08,Mercedes-Benz,E-Klasse,83872,3,Diesel,Manuell,1.2,Nrw,3.5,2024,5,Wednesday
2024-05-08,Bmw,3Er,77402,4,Diesel,Manuell,4.0,Hessen,3.3,2024,5,Wednesday
2024-05-08,Audi,A6,67128,8,Diesel,Manuell,1.2,Nrw,3.7,2024,5,Wednesday
2024-05-09,Audi,E-Tron,97169,4,Elektro,Automatik,0.0,Hessen,4.4,2024,5,Thursday
2024-05-09,Bmw,5Er,94847,5,Benzin,Manuell,2.0,Nrw,4.9,2024,5,Thursday
2024-05-09,Bmw,I4,98384,2,Elektro,Manuell,0.0,Bayern,4.1,2024,5,Thursday
2024-05-09,Bmw,3Er,97807,7,Hybrid,Automatik,1.6,Nrw,3.3,2024,5,Thursday
2024-05-10,Opel,Astra,28593,1,Hybrid,Automatik,2.0,Berlin,4.1,2024,5,Friday
2024-05-10,Opel,Astra,24033,7,Benzin,Automatik,1.6,Berlin,3.6,2024,5,Friday
2024-05-10,Volkswagen,Id.4,58276,4,Elektro,Automatik,0.0,Nrw,3.7,2024,5,Friday
2024-05-11,Opel,Mokka,41091,2,Benzin,Automatik,1.6,Bayern,4.9,2024,5,Saturday
2024-05-11,Volkswagen,Tiguan,33682,1,Diesel,Manuell,0.0,Hamburg,4.0,2024,5,Saturday
2024-05-11,Mercedes-Benz,E-Klasse,69874,3,Diesel,Automatik,1.6,Bayern,4.6,2024,5,Saturday
2024-05-13,Audi,A4,59337,4,Diesel,Manuell,2.0,Nrw,4.2,2024,5,Monday
2024-05-15,Opel,Astra,22370,4,Benzin,Automatik,2.0,Bayern,4.9,2024,5,Wednesday
2024-05-15,Volkswagen,Passat,48303,6,Elektro,Manuell,0.0,Hamburg,4.8,2024,5,Wednesday
2024-05-16,Volkswagen,Tiguan,58650,4,Elektro,Manuell,0.0,Bayern,3.1,2024,5,Thursday
2024-05-17,Mercedes-Benz,C-Klasse,88342,3,Hybrid,Manuell,2.0,Hessen,3.8,2024,5,Friday
2024-05-17,Opel,Grandland,42820,7,Elektro,Manuell,0.0,Hessen,4.8,2024,5,Friday
2024-05-21,Mercedes-Benz,C-Klasse,77586,3,Diesel,Automatik,1.2,Bayern,4.4,2024,5,Tuesday
2024-05-21,Volkswagen,Passat,37602,4,Elektro,Manuell,0.0,Nrw,3.4,2024,5,Tuesday
2024-05-21,Bmw,3Er,68620,9,Hybrid,Automatik,1.6,Hamburg,3.3,2024,5,Tuesday
2024-05-22,Opel,Corsa,33072,5,Elektro,Automatik,0.0,Hessen,3.5,2024,5,Wednesday
2024-05-22,Bmw,3Er,65792,3,Diesel,Manuell,1.6,Hamburg,3.9,2024,5,Wednesday
2024-05-23,Bmw,X5,107433,5,Hybrid,Manuell,1.2,Berlin,4.2,2024,5,Thursday
2024-05-25,Volkswagen,Id.4,29652,2,Elektro,Manuell,0.0,Hessen,3.7,2024,5,Saturday
2024-05-25,Mercedes-Benz,E-Klasse,78328,5,Diesel,Automatik,4.0,Berlin,3.9,2024,5,Saturday
2024-05-27,Opel,Corsa,31045,5,Hybrid,Automatik,1.2,Hessen,4.7,2024,5,Monday
2024-05-27,Mercedes-Benz,C-Klasse,113811,7,Benzin,Automatik,4.0,Bayern,4.3,2024,5,Monday
2024-05-27,Mercedes-Benz,C-Klasse,66211,8,Benzin,Automatik,1.2,Hamburg,3.4,2024,5,Monday
2024-05-28,Mercedes-Benz,Glc,122805,9,Diesel,Manuell,1.2,Bayern,4.7,2024,5,Tuesday
2024-05-28,Audi,Q5,49714,6,Hybrid,Automatik,2.0,Hessen,3.7,2024,5,Tuesday
2024-05-28,Opel,Mokka,36135,6,Benzin,Automatik,1.2,Hamburg,4.0,2024,5,Tuesday
2024-05-28,Audi,A4,80123,1,Diesel,Automatik,3.0,Berlin,4.2,2024,5,Tuesday
2024-05-28,Volkswagen,Golf,49472,6,Diesel,Manuell,1.6,Hessen,3.4,2024,5,Tuesday
2024-05-31,Bmw,X5,67852,7,Benzin,Automatik,3.0,Berlin,3.1,2024,5,Friday
2024-06-01,Bmw,I4,50668,4,Elektro,Manuell,2.0,Hessen,4.6,2024,6,Saturday
2024-06-02,Mercedes-Benz,C-Klasse,98515,6,Diesel,Automatik,0.0,Hessen,3.9,2024,6,Sunday
2024-06-02,Volkswagen,Tiguan,50275,4,Diesel,Automatik,4.0,Nrw,3.6,2024,6,Sunday
2024-06-02,Opel,Mokka,31395,4,Hybrid,Manuell,3.0,Hessen,4.5,2024,6,Sunday
2024-06-02,Opel,Astra,27915,8,Elektro,Manuell,0.0,Hessen,4.5,2024,6,Sunday
2024-06-03,Volkswagen,Passat,48071,8,Benzin,Automatik,3.0,Hamburg,3.9,2024,6,Monday
2024-06-04,Mercedes-Benz,C-Klasse,66322,7,Benzin,Automatik,0.0,Hamburg,4.3,2024,6,Tuesday
2024-06-04,Mercedes-Benz,Glc,84675,2,Diesel,Automatik,3.0,Hessen,3.8,2024,6,Tuesday
2024-06-04,Opel,Corsa,30737,6,Elektro,Manuell,0.0,Berlin,4.5,2024,6,Tuesday
2024-06-04,Audi,A6,98002,2,Elektro,Manuell,0.0,Hessen,4.6,2024,6,Tuesday
2024-06-06,Volkswagen,Tiguan,30845,8,Elektro,Automatik,0.0,Hamburg,4.5,2024,6,Thursday
2024-06-07,Bmw,X5,64029,7,Benzin,Manuell,0.0,Nrw,4.0,2024,6,Friday
2024-06-08,Volkswagen,Golf,44604,9,Elektro,Automatik,0.0,Hessen,3.5,2024,6,Saturday
2024-06-08,Mercedes-Benz,Glc,123851,5,Hybrid,Manuell,3.0,Baden-Württemberg,4.5,2024,6,Saturday
2024-06-08,Audi,Q5,94083,2,Benzin,Manuell,0.0,Hessen,4.8,2024,6,Saturday
2024-06-09,Mercedes-Benz,Glc,52454,1,Benzin,Automatik,4.0,Nrw,3.7,2024,6,Sunday
2024-06-09,Audi,E-Tron,91895,7,Elektro,Manuell,0.0,Bayern,4.7,2024,6,Sunday
2024-06-09,Opel,Mokka,31234,2,Hybrid,Automatik,1.2,Baden-Württemberg,4.5,2024,6,Sunday
2024-06-10,Volkswagen,Tiguan,32263,9,Hybrid,Manuell,3.0,Nrw,4.2,2024,6,Monday
2024-06-10,Bmw,X5,101709,7,Elektro,Automatik,0.0,Berlin,4.6,2024,6,Monday
2024-06-10,Volkswagen,Golf,27962,3,Diesel,Automatik,4.0,Baden-Württemberg,5.0,2024,6,Monday
2024-06-11,Audi,A4,41196,1,Hybrid,Automatik,2.0,Bayern,4.9,2024,6,Tuesday
2024-06-12,Volkswagen,Golf,32016,3,Diesel,Manuell,2.0,Hamburg,3.3,2024,6,Wednesday
2024-06-12,Bmw,5Er,64225,4,Benzin,Manuell,1.6,Baden-Württemberg,3.2,2024,6,Wednesday
2024-06-12,Bmw,X5,65195,6,Hybrid,Automatik,2.0,Nrw,3.2,2024,6,Wednesday
2024-06-13,Audi,A6,49256,8,Hybrid,Manuell,1.2,Berlin,3.8,2024,6,Thursday
2024-06-15,Opel,Corsa,39300,5,Hybrid,Manuell,4.0,Bayern,3.2,2024,6,Saturday
2024-06-15,Audi,A4,74704,9,Diesel,Manuell,4.0,Bayern,3.9,2024,6,Saturday
2024-06-15,Audi,Q5,73210,8,Elektro,Automatik,0.0,Baden-Württemberg,3.7,2024,6,Saturday
2024-06-16,Bmw,5Er,64296,9,Benzin,Manuell,1.6,Baden-Württemberg,3.9,2024,6,Sunday
2024-06-17,Volkswagen,Golf,52747,6,Hybrid,Automatik,3.0,Berlin,3.9,2024,6,Monday
2024-06-20,Mercedes-Benz,Eqe,96840,1,Elektro,Automatik,0.0,Hessen,3.1,2024,6,Thursday
2024-06-20,Bmw,5Er,92517,5,Diesel,Manuell,0.0,Nrw,4.4,2024,6,Thursday
2024-06-20,Opel,Astra,42366,1,Benzin,Automatik,1.6,Bayern,3.6,2024,6,Thursday
2024-06-21,Opel,Grandland,26392,2,Hybrid,Automatik,4.0,Berlin,4.3,2024,6,Friday
2024-06-21,Bmw,I4,79716,7,Elektro,Automatik,2.0,Hessen,4.7,2024,6,Friday
2024-06-21,Volkswagen,Tiguan,54240,5,Hybrid,Manuell,1.2,Nrw,3.8,2024,6,Friday
2024-06-21,Mercedes-Benz,Glc,87713,1,Benzin,Automatik,1.2,Nrw,4.7,2024,6,Friday
2024-06-22,Audi,A4,65934,6,Elektro,Manuell,0.0,Berlin,4.4,2024,6,Saturday
2024-06-22,Audi,A4,80585,4,Elektro,Automatik,0.0,Berlin,3.2,2024,6,Saturday
2024-06-24,Mercedes-Benz,Eqe,120533,2,Elektro,Automatik,0.0,Berlin,3.5,2024,6,Monday
2024-06-25,Volkswagen,Passat,52794,5,Diesel,Automatik,1.2,Nrw,3.8,2024,6,Tuesday
2024-06-26,Volkswagen,Tiguan,47626,3,Diesel,Manuell,1.2,Hessen,3.3,2024,6,Wednesday
2024-06-26,Opel,Corsa,20749,2,Benzin,Automatik,0.0,Nrw,3.9,2024,6,Wednesday
2024-06-27,Volkswagen,Golf,37977,3,Hybrid,Manuell,4.0,Baden-Württemberg,3.0,2024,6,Thursday
2024-06-28,Mercedes-Benz,C-Klasse,72190,5,Hybrid,Manuell,2.0,Hessen,3.7,2024,6,Friday
2024-06-30,Mercedes-Benz,Eqe,90695,1,Elektro,Automatik,1.6,Berlin,3.4,2024,6,Sunday
2024-06-30,Audi,Q5,83178,1,Hybrid,Manuell,4.0,Berlin,3.9,2024,6,Sunday
2024-07-01,Bmw,X5,99110,4,Hybrid,Automatik,1.6,Berlin,3.8,2024,7,Monday
2024-07-01,Mercedes-Benz,C-Klasse,97153,4,Benzin,Manuell,3.0,Berlin,4.9,2024,7,Monday
2024-07-01,Volkswagen,Tiguan,48545,6,Elektro,Manuell,0.0,Nrw,3.2,2024,7,Monday
2024-07-01,Opel,Corsa,18690,6,Benzin,Automatik,1.6,Hamburg,3.5,2024,7,Monday
2024-07-01,Bmw,X5,95700,4,Diesel,Automatik,4.0,Hessen,4.7,2024,7,Monday
2024-07-01,Volkswagen,Passat,25159,8,Benzin,Automatik,2.0,Bayern,3.1,2024,7,Monday
2024-07-04,Bmw,I4,72606,9,Elektro,Manuell,1.2,Bayern,3.3,2024,7,Thursday
2024-07-06,Audi,Q5,58601,6,Elektro,Manuell,0.0,Hamburg,3.6,2024,7,Saturday
2024-07-06,Opel,Grandland,40973,4,Diesel,Manuell,1.2,Hamburg,3.0,2024,7,Saturday
2024-07-06,Opel,Corsa,39165,3,Elektro,Manuell,0.0,Bayern,4.4,2024,7,Saturday
2024-07-06,Opel,Mokka,20472,1,Elektro,Automatik,0.0,Nrw,3.7,2024,7,Saturday
2024-07-08,Audi,A6,100030,8,Elektro,Automatik,0.0,Hamburg,3.9,2024,7,Monday
2024-07-08,Opel,Grandland,42737,8,Diesel,Automatik,4.0,Berlin,3.2,2024,7,Monday
2024-07-08,Mercedes-Benz,C-Klasse,96092,6,Benzin,Manuell,1.6,Bayern,4.6,2024,7,Monday
2024-07-08,Opel,Corsa,22173,7,Benzin,Manuell,1.6,Hessen,4.6,2024,7,Monday
2024-07-09,Bmw,3Er,65452,3,Benzin,Automatik,2.0,Hamburg,4.9,2024,7,Tuesday
2024-07-09,Opel,Grandland,44113,4,Benzin,Manuell,1.6,Hessen,3.5,2024,7,Tuesday
2024-07-10,Mercedes-Benz,Eqe,120812,1,Elektro,Automatik,1.6,Bayern,3.6,2024,7,Wednesday
2024-07-11,Opel,Astra,31917,7,Benzin,Manuell,4.0,Berlin,3.1,2024,7,Thursday
2024-07-12,Audi,A4,64473,6,Benzin,Manuell,3.0,Hessen,4.8,2024,7,Friday
2024-07-13,Opel,Grandland,18086,4,Hybrid,Automatik,2.0,Hamburg,3.4,2024,7,Saturday
2024-07-14,Mercedes-Benz,Glc,91605,2,Hybrid,Automatik,3.0,Hamburg,3.1,2024,7,Sunday
2024-07-14,Bmw,5Er,108800,7,Hybrid,Automatik,1.2,Hamburg,3.0,2024,7,Sunday
2024-07-14,Volkswagen,Golf,28696,6,Benzin,Manuell,2.0,Bayern,4.2,2024,7,Sunday
2024-07-14,Volkswagen,Passat,44503,1,Elektro,Automatik,0.0,Hessen,4.4,2024,7,Sunday
2024-07-16,Opel,Corsa,25866,2,Elektro,Manuell,0.0,Baden-Württemberg,4.0,2024,7,Tuesday
2024-07-16,Volkswagen,Passat,53152,7,Benzin,Automatik,1.6,Nrw,3.8,2024,7,Tuesday
2024-07-17,Volkswagen,Tiguan,55099,1,Diesel,Automatik,4.0,Berlin,4.4,2024,7,Wednesday
2024-07-18,Opel,Corsa,26662,8,Diesel,Manuell,1.2,Nrw,4.8,2024,7,Thursday
2024-07-18,Audi,Q5,73002,2,Hybrid,Automatik,4.0,Bayern,4.9,2024,7,Thursday
2024-07-19,Volkswagen,Id.4,26481,1,Elektro,Automatik,3.0,Baden-Württemberg,3.8,2024,7,Friday
2024-07-19,Audi,Q5,55438,6,Elektro,Automatik,0.0,Baden-Württemberg,4.4,2024,7,Friday
2024-07-20,Bmw,I4,69734,9,Elektro,Manuell,1.2,Hessen,3.3,2024,7,Saturday
2024-07-20,Opel,Grandland,40602,1,Elektro,Manuell,0.0,Bayern,4.6,2024,7,Saturday
2024-07-20,Bmw,X5,46637,1,Hybrid,Automatik,0.0,Nrw,4.3,2024,7,Saturday
2024-07-20,Opel,Grandland,26912,7,Hybrid,Automatik,4.0,Bayern,3.9,2024,7,Saturday
2024-07-21,Mercedes-Benz,C-Klasse,116641,7,Diesel,Manuell,4.0,Baden-Württemberg,3.1,2024,7,Sunday
2024-07-21,Opel,Astra,43315,8,Benzin,Manuell,0.0,Bayern,3.7,2024,7,Sunday
2024-07-21,Audi,Q5,64729,5,Diesel,Manuell,3.0,Bayern,3.4,2024,7,Sunday
2024-07-23,Mercedes-Benz,E-Klasse,105841,3,Benzin,Automatik,0.0,Bayern,3.9,2024,7,Tuesday
2024-07-24,Audi,A6,60536,6,Hybrid,Manuell,3.0,Baden-Württemberg,4.0,2024,7,Wednesday
2024-07-25,Volkswagen,Golf,32291,1,Benzin,Manuell,1.2,Hamburg,4.8,2024,7,Thursday
2024-07-26,Opel,Corsa,19708,7,Hybrid,Automatik,1.6,Nrw,3.7,2024,7,Friday
2024-07-27,Mercedes-Benz,Glc,108342,2,Elektro,Manuell,0.0,Nrw,4.1,2024,7,Saturday
2024-07-27,Volkswagen,Golf,57793,4,Diesel,Automatik,1.6,Bayern,4.3,2024,7,Saturday
2024-07-28,Opel,Mokka,23103,9,Hybrid,Automatik,2.0,Hamburg,3.3,2024,7,Sunday
2024-07-28,Volkswagen,Id.4,35014,4,Elektro,Automatik,4.0,Hamburg,3.7,2024,7,Sunday
2024-07-28,Volkswagen,Golf,25112,8,Benzin,Automatik,2.0,Berlin,4.3,2024,7,Sunday
2024-07-29,Mercedes-Benz,Eqe,117468,1,Elektro,Automatik,1.6,Berlin,3.9,2024,7,Monday
2024-07-29,Audi,A6,40174,6,Diesel,Automatik,4.0,Baden-Württemberg,4.4,2024,7,Monday
2024-07-29,Opel,Grandland,39486,1,Benzin,Manuell,1.6,Bayern,5.0,2024,7,Monday
2024-07-29,Opel,Grandland,33206,9,Benzin,Automatik,0.0,Berlin,4.6,2024,7,Monday
2024-07-31,Opel,Corsa,27227,7,Benzin,Manuell,3.0,Bayern,4.5,2024,7,Wednesday
2024-07-31,Volkswagen,Id.4,30590,8,Elektro,Manuell,1.6,Berlin,4.8,2024,7,Wednesday
2024-07-31,Bmw,3Er,105071,1,Diesel,Manuell,4.0,Baden-Württemberg,3.8,2024,7,Wednesday
2024-07-31,Mercedes-Benz,Eqe,76489,1,Elektro,Manuell,4.0,Bayern,4.0,2024,7,Wednesday
2024-07-31,Mercedes-Benz,Eqe,52745,9,Elektro,Manuell,1.6,Berlin,4.7,2024,7,Wednesday
2024-08-01,Volkswagen,Golf,50640,6,Elektro,Automatik,0.0,Bayern,3.0,2024,8,Thursday
2024-08-01,Opel,Grandland,19380,3,Benzin,Automatik,1.6,Hamburg,4.0,2024,8,Thursday
2024-08-03,Volkswagen,Golf,46162,1,Diesel,Manuell,1.2,Baden-Württemberg,4.3,2024,8,Saturday
2024-08-04,Opel,Corsa,28860,6,Elektro,Automatik,0.0,Nrw,3.5,2024,8,Sunday
2024-08-05,Mercedes-Benz,C-Klasse,68919,9,Diesel,Manuell,0.0,Baden-Württemberg,3.1,2024,8,Monday
2024-08-05,Audi,A4,42352,3,Diesel,Manuell,0.0,Baden-Württemberg,4.7,2024,8,Monday
2024-08-06,Opel,Grandland,34523,6,Benzin,Automatik,2.0,Bayern,4.3,2024,8,Tuesday
2024-08-07,Opel,Mokka,42972,7,Diesel,Manuell,0.0,Nrw,4.0,2024,8,Wednesday
2024-08-07,Bmw,3Er,88733,5,Diesel,Manuell,2.0,Bayern,4.3,2024,8,Wednesday
2024-08-07,Opel,Grandland,36060,6,Diesel,Manuell,4.0,Nrw,4.2,2024,8,Wednesday
2024-08-07,Opel,Corsa,30297,6,Elektro,Automatik,0.0,Berlin,3.4,2024,8,Wednesday
2024-08-08,Volkswagen,Passat,59464,3,Elektro,Manuell,0.0,Hamburg,3.9,2024,8,Thursday
2024-08-08,Audi,Q5,55592,3,Hybrid,Manuell,3.0,Hamburg,3.7,2024,8,Thursday
2024-08-09,Volkswagen,Tiguan,55949,5,Benzin,Manuell,1.2,Bayern,4.4,2024,8,Friday
2024-08-09,Bmw,I4,81609,7,Elektro,Manuell,1.6,Baden-Württemberg,3.7,2024,8,Friday
2024-08-10,Opel,Grandland,44654,9,Benzin,Automatik,1.6,Berlin,3.4,2024,8,Saturday
2024-08-10,Volkswagen,Tiguan,55444,8,Diesel,Manuell,2.0,Berlin,4.5,2024,8,Saturday
2024-08-11,Opel,Mokka,37660,8,Elektro,Manuell,0.0,Nrw,3.2,2024,8,Sunday
2024-08-13,Bmw,X5,59138,8,Diesel,Manuell,1.2,Berlin,3.6,2024,8,Tuesday
2024-08-13,Opel,Grandland,25619,4,Elektro,Automatik,0.0,Baden-Württemberg,4.5,2024,8,Tuesday
2024-08-13,Volkswagen,Passat,33547,7,Hybrid,Manuell,3.0,Baden-Württemberg,4.3,2024,8,Tuesday
2024-08-14,Bmw,5Er,63908,6,Elektro,Automatik,0.0,Hessen,4.5,2024,8,Wednesday
2024-08-14,Bmw,X5,71564,7,Elektro,Automatik,0.0,Berlin,3.9,2024,8,Wednesday
2024-08-14,Bmw,5Er,97429,6,Hybrid,Manuell,2.0,Nrw,3.2,2024,8,Wednesday
2024-08-14,Audi,E-Tron,102551,8,Elektro,Automatik,1.2,Berlin,3.1,2024,8,Wednesday
2024-08-14,Volkswagen,Golf,48989,9,Diesel,Automatik,0.0,Baden-Württemberg,4.1,2024,8,Wednesday
2024-08-15,Opel,Corsa,31200,9,Elektro,Manuell,0.0,Berlin,4.0,2024,8,Thursday
2024-08-15,Bmw,I4,86560,6,Elektro,Manuell,3.0,Hamburg,3.8,2024,8,Thursday
2024-08-16,Opel,Astra,36591,5,Elektro,Automatik,0.0,Nrw,4.7,2024,8,Friday
2024-08-17,Opel,Corsa,37840,4,Diesel,Automatik,0.0,Bayern,3.3,2024,8,Saturday
2024-08-18,Volkswagen,Id.4,59324,1,Elektro,Manuell,4.0,Baden-Württemberg,3.7,2024,8,Sunday
2024-08-18,Volkswagen,Passat,51423,8,Hybrid,Automatik,4.0,Baden-Württemberg,4.1,2024,8,Sunday
2024-08-19,Opel,Corsa,23842,5,Elektro,Automatik,0.0,Hessen,4.9,2024,8,Monday
2024-08-19,Opel,Grandland,23285,4,Benzin,Manuell,1.6,Bayern,4.0,2024,8,Monday
2024-08-19,Bmw,3Er,88148,7,Elektro,Manuell,0.0,Baden-Württemberg,3.5,2024,8,Monday
2024-08-20,Volkswagen,Golf,56552,5,Elektro,Automatik,0.0,Hamburg,4.4,2024,8,Tuesday
2024-08-20,Audi,A4,71881,7,Elektro,Manuell,0.0,Baden-Württemberg,4.0,2024,8,Tuesday
2024-08-21,Mercedes-Benz,E-Klasse,96169,4,Elektro,Automatik,0.0,Nrw,4.7,2024,8,Wednesday
2024-08-22,Bmw,X5,108128,2,Diesel,Automatik,4.0,Berlin,3.4,2024,8,Thursday
2024-08-22,Audi,A6,84864,4,Benzin,Manuell,1.6,Baden-Württemberg,3.4,2024,8,Thursday
2024-08-23,Volkswagen,Id.4,56128,1,Elektro,Manuell,0.0,Hessen,4.6,2024,8,Friday
2024-08-24,Volkswagen,Golf,38893,8,Diesel,Manuell,0.0,Hamburg,3.1,2024,8,Saturday
2024-08-25,Volkswagen,Id.4,43375,6,Elektro,Automatik,1.6,Berlin,3.9,2024,8,Sunday
2024-08-25,Mercedes-Benz,Eqe,104131,5,Elektro,Automatik,3.0,Nrw,4.7,2024,8,Sunday
2024-08-25,Audi,Q5,97885,5,Diesel,Automatik,2.0,Berlin,4.1,2024,8,Sunday
2024-08-26,Mercedes-Benz,Glc,74045,8,Hybrid,Manuell,1.6,Baden-Württemberg,4.7,2024,8,Monday
2024-08-27,Audi,A6,45307,4,Benzin,Manuell,1.2,Berlin,3.9,2024,8,Tuesday
2024-08-29,Bmw,X5,70394,2,Elektro,Automatik,0.0,Hessen,4.4,2024,8,Thursday
2024-08-29,Opel,Mokka,27370,6,Benzin,Automatik,2.0,Berlin,4.3,2024,8,Thursday
2024-08-29,Opel,Astra,41303,5,Diesel,Manuell,1.6,Berlin,4.6,2024,8,Thursday
2024-08-30,Opel,Corsa,34662,6,Benzin,Automatik,1.6,Hessen,4.5,2024,8,Friday
2024-08-31,Volkswagen,Passat,46826,9,Diesel,Manuell,1.6,Baden-Württemberg,4.2,2024,8,Saturday
2024-09-02,Opel,Mokka,27203,9,Benzin,Automatik,4.0,Baden-Württemberg,3.4,2024,9,Monday
2024-09-03,Volkswagen,Passat,25406,2,Diesel,Automatik,0.0,Hamburg,3.0,2024,9,Tuesday
2024-09-04,Volkswagen,Id.4,38794,7,Elektro,Manuell,3.0,Berlin,4.6,2024,9,Wednesday
2024-09-04,Audi,A6,52869,3,Diesel,Automatik,2.0,Berlin,3.1,2024,9,Wednesday
2024-09-06,Opel,Grandland,27171,2,Hybrid,Manuell,1.6,Nrw,4.7,2024,9,Friday
2024-09-06,Bmw,3Er,73273,6,Hybrid,Manuell,2.0,Bayern,3.1,2024,9,Friday
2024-09-07,Volkswagen,Id.4,51500,5,Elektro,Automatik,0.0,Nrw,3.4,2024,9,Saturday
2024-09-09,Volkswagen,Golf,40271,6,Elektro,Manuell,0.0,Baden-Württemberg,4.8,2024,9,Monday
2024-09-09,Volkswagen,Golf,37306,2,Benzin,Manuell,4.0,Nrw,3.8,2024,9,Monday
2024-09-10,Bmw,5Er,51139,9,Hybrid,Automatik,3.0,Berlin,3.5,2024,9,Tuesday
2024-09-10,Audi,A4,45366,5,Elektro,Manuell,0.0,Hamburg,4.9,2024,9,Tuesday
2024-09-10,Mercedes-Benz,Eqe,70466,2,Elektro,Automatik,0.0,Berlin,3.2,2024,9,Tuesday
2024-09-10,Volkswagen,Tiguan,44810,2,Diesel,Manuell,1.2,Baden-Württemberg,3.5,2024,9,Tuesday
2024-09-11,Mercedes-Benz,Eqe,84510,6,Elektro,Manuell,2.0,Baden-Württemberg,4.6,2024,9,Wednesday
2024-09-12,Mercedes-Benz,Glc,51401,3,Diesel,Manuell,4.0,Nrw,3.5,2024,9,Thursday
2024-09-14,Audi,E-Tron,75098,4,Elektro,Manuell,1.2,Nrw,4.7,2024,9,Saturday
2024-09-15,Volkswagen,Passat,33712,8,Elektro,Automatik,0.0,Nrw,3.3,2024,9,Sunday
2024-09-15,Volkswagen,Golf,44554,7,Benzin,Manuell,0.0,Hamburg,3.0,2024,9,Sunday
2024-09-16,Bmw,5Er,63020,9,Hybrid,Automatik,1.6,Hamburg,3.6,2024,9,Monday
2024-09-16,Volkswagen,Id.4,40449,5,Elektro,Manuell,0.0,Bayern,4.5,2024,9,Monday
2024-09-16,Audi,A4,93117,1,Benzin,Manuell,2.0,Berlin,3.3,2024,9,Monday
2024-09-16,Mercedes-Benz,Eqe,61108,7,Elektro,Manuell,1.2,Hamburg,4.8,2024,9,Monday
2024-09-16,Volkswagen,Id.4,26914,6,Elektro,Manuell,0.0,Hessen,4.9,2024,9,Monday
2024-09-17,Bmw,I4,67161,8,Elektro,Automatik,2.0,Nrw,4.4,2024,9,Tuesday
2024-09-17,Volkswagen,Id.4,49770,8,Elektro,Manuell,4.0,Baden-Württemberg,3.1,2024,9,Tuesday
2024-09-17,Mercedes-Benz,C-Klasse,105388,8,Elektro,Automatik,0.0,Bayern,4.3,2024,9,Tuesday
2024-09-18,Opel,Mokka,28278,8,Hybrid,Manuell,4.0,Hessen,4.0,2024,9,Wednesday
2024-09-18,Mercedes-Benz,C-Klasse,58016,6,Elektro,Manuell,0.0,Baden-Württemberg,3.3,2024,9,Wednesday
2024-09-18,Opel,Corsa,20424,5,Elektro,Automatik,0.0,Hamburg,3.6,2024,9,Wednesday
2024-09-19,Volkswagen,Golf,43800,9,Hybrid,Automatik,4.0,Nrw,4.3,2024,9,Thursday
2024-09-19,Volkswagen,Id.4,55622,1,Elektro,Automatik,1.2,Hessen,3.0,2024,9,Thursday
2024-09-20,Opel,Corsa,28403,8,Benzin,Automatik,3.0,Hamburg,4.7,2024,9,Friday
2024-09-21,Bmw,X5,67625,4,Diesel,Manuell,1.6,Nrw,4.5,2024,9,Saturday
2024-09-21,Audi,A4,82291,9,Hybrid,Automatik,1.6,Hamburg,3.6,2024,9,Saturday
2024-09-22,Volkswagen,Id.4,38652,2,Elektro,Manuell,0.0,Bayern,3.1,2024,9,Sunday
2024-09-22,Opel,Mokka,42285,6,Elektro,Automatik,0.0,Baden-Württemberg,4.7,2024,9,Sunday
2024-09-24,Opel,Mokka,39225,2,Diesel,Automatik,1.2,Berlin,4.9,2024,9,Tuesday
2024-09-24,Opel,Corsa,34589,7,Diesel,Manuell,4.0,Nrw,3.1,2024,9,Tuesday
2024-09-24,Bmw,I4,49458,1,Elektro,Automatik,0.0,Berlin,4.3,2024,9,Tuesday
2024-09-24,Volkswagen,Id.4,55881,8,Elektro,Manuell,4.0,Nrw,4.1,2024,9,Tuesday
2024-09-24,Opel,Grandland,31032,5,Elektro,Automatik,0.0,Nrw,3.5,2024,9,Tuesday
2024-09-25,Bmw,3Er,65238,4,Benzin,Automatik,2.0,Berlin,4.4,2024,9,Wednesday
2024-09-26,Audi,E-Tron,42787,3,Elektro,Manuell,2.0,Bayern,3.3,2024,9,Thursday
2024-09-26,Mercedes-Benz,C-Klasse,96220,3,Elektro,Manuell,0.0,Baden-Württemberg,4.1,2024,9,Thursday
2024-09-28,Audi,Q5,40389,7,Diesel,Manuell,1.6,Nrw,4.5,2024,9,Saturday
2024-09-29,Mercedes-Benz,C-Klasse,66241,9,Hybrid,Automatik,4.0,Hessen,3.3,2024,9,Sunday
2024-09-29,Audi,A6,73002,2,Hybrid,Automatik,1.2,Nrw,3.8,2024,9,Sunday
2024-09-29,Mercedes-Benz,Glc,60578,1,Hybrid,Manuell,3.0,Bayern,3.4,2024,9,Sunday
2024-10-01,Volkswagen,Golf,40166,4,Diesel,Manuell,4.0,Berlin,4.8,2024,10,Tuesday
2024-10-02,Mercedes-Benz,C-Klasse,105561,5,Elektro,Automatik,0.0,Bayern,3.6,2024,10,Wednesday
2024-10-03,Volkswagen,Passat,57252,6,Hybrid,Automatik,3.0,Bayern,4.1,2024,10,Thursday
2024-10-03,Audi,E-Tron,79890,4,Elektro,Automatik,3.0,Hessen,4.0,2024,10,Thursday
2024-10-03,Mercedes-Benz,Eqe,116736,2,Elektro,Manuell,1.2,Nrw,5.0,2024,10,Thursday
2024-10-03,Volkswagen,Golf,49618,4,Elektro,Manuell,0.0,Hessen,3.2,2024,10,Thursday
2024-10-04,Bmw,5Er,62908,8,Hybrid,Automatik,1.6,Hessen,3.1,2024,10,Friday
2024-10-05,Bmw,5Er,91390,8,Benzin,Manuell,1.2,Berlin,5.0,2024,10,Saturday
2024-10-05,Bmw,I4,65306,2,Elektro,Automatik,3.0,Baden-Württemberg,4.6,2024,10,Saturday
2024-10-05,Bmw,X5,77272,9,Benzin,Manuell,0.0,Hamburg,3.1,2024,10,Saturday
2024-10-06,Opel,Corsa,21807,3,Benzin,Manuell,0.0,Bayern,3.8,2024,10,Sunday
2024-10-07,Opel,Astra,36990,2,Hybrid,Automatik,4.0,Bayern,3.7,2024,10,Monday
2024-10-07,Audi,A6,92870,2,Elektro,Automatik,0.0,Berlin,4.1,2024,10,Monday
2024-10-09,Opel,Astra,29956,6,Elektro,Manuell,0.0,Nrw,4.6,2024,10,Wednesday
2024-10-09,Volkswagen,Id.4,34168,1,Elektro,Automatik,2.0,Hessen,4.8,2024,10,Wednesday
2024-10-09,Volkswagen,Tiguan,26134,7,Hybrid,Manuell,1.6,Nrw,3.7,2024,10,Wednesday
2024-10-10,Bmw,X5,98608,8,Elektro,Manuell,0.0,Hessen,4.1,2024,10,Thursday
2024-10-10,Mercedes-Benz,E-Klasse,52224,5,Elektro,Automatik,0.0,Bayern,4.8,2024,10,Thursday
2024-10-12,Opel,Corsa,23347,6,Elektro,Manuell,0.0,Hamburg,4.6,2024,10,Saturday
2024-10-12,Mercedes-Benz,C-Klasse,95833,1,Benzin,Manuell,1.6,Baden-Württemberg,4.6,2024,10,Saturday
2024-10-13,Audi,E-Tron,103329,3,Elektro,Automatik,1.2,Hessen,5.0,2024,10,Sunday
2024-10-13,Volkswagen,Id.4,35207,7,Elektro,Manuell,1.2,Nrw,4.4,2024,10,Sunday
2024-10-14,Audi,A6,42100,8,Hybrid,Automatik,1.2,Berlin,3.8,2024,10,Monday
2024-10-14,Audi,A6,48556,3,Diesel,Manuell,4.0,Berlin,3.2,2024,10,Monday
2024-10-14,Opel,Mokka,35845,4,Elektro,Automatik,0.0,Hamburg,3.1,2024,10,Monday
2024-10-14,Audi,A4,87591,5,Hybrid,Automatik,1.6,Hessen,4.6,2024,10,Monday
2024-10-15,Opel,Mokka,24426,8,Diesel,Automatik,4.0,Bayern,4.2,2024,10,Tuesday
2024-10-15,Volkswagen,Id.4,32812,2,Elektro,Manuell,1.6,Hessen,4.8,2024,10,Tuesday
2024-10-15,Mercedes-Benz,C-Klasse,60503,1,Diesel,Automatik,1.2,Hessen,3.3,2024,10,Tuesday
2024-10-16,Bmw,I4,100190,1,Elektro,Automatik,4.0,Hessen,4.2,2024,10,Wednesday
2024-10-17,Volkswagen,Golf,42568,6,Elektro,Manuell,0.0,Hamburg,4.1,2024,10,Thursday
2024-10-19,Opel,Grandland,23744,8,Elektro,Manuell,0.0,Bayern,4.2,2024,10,Saturday
2024-10-20,Bmw,3Er,107061,5,Benzin,Manuell,3.0,Baden-Württemberg,4.2,2024,10,Sunday
2024-10-20,Volkswagen,Tiguan,52056,4,Benzin,Automatik,3.0,Hamburg,4.5,2024,10,Sunday
2024-10-21,Audi,E-Tron,43583,7,Elektro,Automatik,0.0,Hessen,3.5,2024,10,Monday
2024-10-22,Audi,A4,51707,9,Hybrid,Automatik,1.2,Baden-Württemberg,4.0,2024,10,Tuesday
2024-10-23,Audi,A4,70581,2,Diesel,Automatik,0.0,Nrw,4.3,2024,10,Wednesday
2024-10-27,Volkswagen,Tiguan,43425,8,Benzin,Manuell,0.0,Bayern,4.4,2024,10,Sunday
2024-10-27,Mercedes-Benz,Eqe,110272,4,Elektro,Automatik,0.0,Baden-Württemberg,3.6,2024,10,Sunday
2024-10-28,Mercedes-Benz,Eqe,61908,3,Elektro,Automatik,1.6,Baden-Württemberg,4.8,2024,10,Monday
2024-10-28,Opel,Corsa,29889,2,Diesel,Automatik,0.0,Hamburg,3.5,2024,10,Monday
2024-10-28,Volkswagen,Id.4,51149,8,Elektro,Automatik,1.6,Bayern,4.5,2024,10,Monday
2024-10-28,Volkswagen,Golf,35211,7,Hybrid,Automatik,0.0,Bayern,4.9,2024,10,Monday
2024-10-28,Audi,E-Tron,101195,2,Elektro,Automatik,0.0,Bayern,4.9,2024,10,Monday
2024-10-28,Volkswagen,Golf,52716,9,Elektro,Automatik,0.0,Hessen,4.8,2024,10,Monday
2024-10-29,Audi,Q5,65851,6,Elektro,Manuell,0.0,Nrw,3.8,2024,10,Tuesday
2024-10-29,Bmw,3Er,69842,5,Elektro,Automatik,0.0,Hamburg,4.8,2024,10,Tuesday
2024-10-30,Mercedes-Benz,E-Klasse,92137,3,Hybrid,Manuell,1.6,Baden-Württemberg,3.3,2024,10,Wednesday
2024-10-31,Opel,Corsa,37164,6,Diesel,Manuell,2.0,Nrw,4.8,2024,10,Thursday
2024-11-02,Audi,Q5,85814,3,Elektro,Manuell,0.0,Hessen,3.8,2024,11,Saturday
2024-11-02,Audi,Q5,65711,5,Hybrid,Manuell,1.2,Baden-Württemberg,3.9,2024,11,Saturday
2024-11-03,Audi,Q5,98608,2,Hybrid,Automatik,0.0,Berlin,4.0,2024,11,Sunday
2024-11-06,Opel,Grandland,42852,5,Hybrid,Manuell,4.0,Hessen,3.0,2024,11,Wednesday
2024-11-06,Volkswagen,Tiguan,51421,3,Benzin,Automatik,1.6,Baden-Württemberg,4.6,2024,11,Wednesday
2024-11-06,Volkswagen,Id.4,41499,6,Elektro,Automatik,0.0,Bayern,3.8,2024,11,Wednesday
2024-11-08,Bmw,5Er,81777,8,Elektro,Manuell,0.0,Nrw,4.3,2024,11,Friday
2024-11-08,Opel,Astra,38170,3,Elektro,Automatik,0.0,Baden-Württemberg,3.9,2024,11,Friday
2024-11-08,Audi,E-Tron,89079,2,Elektro,Manuell,4.0,Bayern,4.5,2024,11,Friday
2024-11-09,Opel,Mokka,18492,9,Hybrid,Automatik,2.0,Nrw,3.3,2024,11,Saturday
2024-11-09,Audi,E-Tron,100614,6,Elektro,Automatik,0.0,Nrw,4.7,2024,11,Saturday
2024-11-09,Mercedes-Benz,Eqe,77962,2,Elektro,Automatik,2.0,Hessen,3.8,2024,11,Saturday
2024-11-09,Volkswagen,Tiguan,45584,8,Benzin,Automatik,1.6,Baden-Württemberg,3.8,2024,11,Saturday
2024-11-11,Mercedes-Benz,Eqe,90510,2,Elektro,Manuell,0.0,Berlin,4.3,2024,11,Monday
2024-11-13,Audi,E-Tron,84717,9,Elektro,Automatik,1.2,Bayern,4.8,2024,11,Wednesday
2024-11-14,Opel,Corsa,28541,7,Elektro,Manuell,0.0,Berlin,3.7,2024,11,Thursday
2024-11-15,Bmw,X5,51344,6,Elektro,Automatik,0.0,Berlin,4.5,2024,11,Friday
2024-11-15,Audi,Q5,72088,4,Elektro,Manuell,0.0,Hamburg,3.8,2024,11,Friday
2024-11-15,Volkswagen,Golf,34083,6,Elektro,Manuell,0.0,Hamburg,3.5,2024,11,Friday
2024-11-16,Audi,A4,52982,2,Hybrid,Manuell,1.6,Nrw,4.8,2024,11,Saturday
2024-11-19,Mercedes-Benz,Glc,91094,9,Benzin,Automatik,1.6,Hamburg,3.4,2024,11,Tuesday
2024-11-19,Mercedes-Benz,Glc,52994,6,Diesel,Manuell,3.0,Berlin,4.8,2024,11,Tuesday
2024-11-20,Mercedes-Benz,Glc,52642,4,Benzin,Manuell,0.0,Baden-Württemberg,4.6,2024,11,Wednesday
2024-11-22,Opel,Mokka,32534,9,Benzin,Manuell,0.0,Bayern,4.7,2024,11,Friday
2024-11-22,Bmw,I4,70991,5,Elektro,Manuell,0.0,Hamburg,4.7,2024,11,Friday
2024-11-24,Opel,Mokka,24465,8,Elektro,Automatik,0.0,Berlin,4.1,2024,11,Sunday
2024-11-24,Opel,Mokka,38808,8,Elektro,Automatik,0.0,Bayern,3.6,2024,11,Sunday
2024-11-27,Bmw,3Er,57855,3,Benzin,Manuell,1.6,Bayern,3.2,2024,11,Wednesday
2024-11-27,Mercedes-Benz,C-Klasse,63261,4,Benzin,Manuell,3.0,Hessen,3.1,2024,11,Wednesday
2024-11-27,Bmw,I4,62200,8,Elektro,Manuell,2.0,Nrw,4.3,2024,11,Wednesday
2024-11-28,Opel,Mokka,26024,6,Hybrid,Automatik,4.0,Hamburg,3.0,2024,11,Thursday
2024-11-29,Opel,Grandland,19518,4,Diesel,Manuell,0.0,Nrw,4.3,2024,11,Friday
2024-12-01,Bmw,X5,56590,3,Elektro,Manuell,0.0,Hessen,4.6,2024,12,Sunday
2024-12-01,Volkswagen,Passat,44167,1,Elektro,Automatik,0.0,Bayern,4.4,2024,12,Sunday
2024-12-02,Bmw,I4,91179,8,Elektro,Manuell,1.2,Bayern,3.1,2024,12,Monday
2024-12-03,Audi,Q5,55649,7,Elektro,Manuell,0.0,Baden-Württemberg,4.5,2024,12,Tuesday
2024-12-03,Volkswagen,Golf,39211,5,Benzin,Manuell,2.0,Hessen,4.0,2024,12,Tuesday
2024-12-06,Audi,A6,61083,8,Elektro,Automatik,0.0,Baden-Württemberg,4.3,2024,12,Friday
2024-12-06,Mercedes-Benz,Glc,64924,7,Hybrid,Automatik,2.0,Berlin,5.0,2024,12,Friday
2024-12-07,Volkswagen,Passat,39482,8,Benzin,Manuell,1.6,Nrw,3.0,2024,12,Saturday
2024-12-07,Volkswagen,Passat,45219,4,Elektro,Manuell,0.0,Nrw,4.2,2024,12,Saturday
2024-12-07,Volkswagen,Passat,45331,1,Elektro,Manuell,0.0,Nrw,4.9,2024,12,Saturday
2024-12-08,Volkswagen,Tiguan,32697,7,Benzin,Manuell,1.2,Hessen,3.4,2024,12,Sunday
2024-12-08,Audi,Q5,77164,7,Diesel,Automatik,4.0,Bayern,4.6,2024,12,Sunday
2024-12-09,Volkswagen,Tiguan,41673,4,Hybrid,Manuell,1.6,Baden-Württemberg,3.8,2024,12,Monday
2024-12-09,Audi,Q5,41014,5,Diesel,Manuell,2.0,Hamburg,5.0,2024,12,Monday
2024-12-10,Mercedes-Benz,C-Klasse,70307,5,Elektro,Manuell,0.0,Nrw,4.6,2024,12,Tuesday
2024-12-10,Bmw,I4,73220,7,Elektro,Manuell,0.0,Hamburg,4.7,2024,12,Tuesday
2024-12-12,Volkswagen,Golf,54943,6,Hybrid,Manuell,2.0,Bayern,3.4,2024,12,Thursday
2024-12-13,Volkswagen,Id.4,32674,4,Elektro,Automatik,3.0,Berlin,5.0,2024,12,Friday
2024-12-13,Bmw,5Er,45882,8,Diesel,Manuell,4.0,Hamburg,4.3,2024,12,Friday
2024-12-14,Volkswagen,Id.4,48360,6,Elektro,Manuell,0.0,Hessen,5.0,2024,12,Saturday
2024-12-15,Audi,A6,80703,1,Elektro,Automatik,0.0,Nrw,3.5,2024,12,Sunday
2024-12-15,Audi,A4,66956,1,Benzin,Manuell,2.0,Hessen,4.1,2024,12,Sunday
2024-12-15,Mercedes-Benz,Eqe,52187,7,Elektro,Automatik,4.0,Berlin,3.2,2024,12,Sunday
2024-12-16,Opel,Astra,34923,9,Benzin,Automatik,4.0,Nrw,4.1,2024,12,Monday
2024-12-17,Bmw,I4,83861,1,Elektro,Automatik,0.0,Baden-Württemberg,4.7,2024,12,Tuesday
2024-12-18,Bmw,3Er,96718,3,Elektro,Automatik,0.0,Nrw,4.4,2024,12,Wednesday
2024-12-18,Audi,E-Tron,90813,3,Elektro,Automatik,0.0,Nrw,3.8,2024,12,Wednesday
2024-12-18,Audi,Q5,90098,2,Hybrid,Manuell,3.0,Berlin,4.9,2024,12,Wednesday
2024-12-18,Audi,E-Tron,90591,6,Elektro,Automatik,2.0,Baden-Württemberg,3.5,2024,12,Wednesday
2024-12-19,Mercedes-Benz,Eqe,68951,8,Elektro,Automatik,2.0,Hamburg,3.3,2024,12,Thursday
2024-12-19,Bmw,I4,53275,7,Elektro,Automatik,2.0,Bayern,4.0,2024,12,Thursday
2024-12-19,Opel,Astra,43092,2,Hybrid,Manuell,2.0,Berlin,3.9,2024,12,Thursday
2024-12-21,Volkswagen,Golf,52691,2,Hybrid,Manuell,1.2,Hamburg,3.7,2024,12,Saturday
2024-12-22,Audi,Q5,72828,7,Benzin,Manuell,1.6,Hessen,4.0,2024,12,Sunday
2024-12-24,Volkswagen,Id.4,27368,4,Elektro,Manuell,0.0,Hamburg,4.0,2024,12,Tuesday
2024-12-25,Audi,A4,55887,6,Elektro,Manuell,0.0,Hamburg,4.7,2024,12,Wednesday
2024-12-25,Volkswagen,Id.4,52886,7,Elektro,Manuell,0.0,Bayern,3.4,2024,12,Wednesday
2024-12-25,Bmw,I4,81021,2,Elektro,Manuell,4.0,Nrw,3.1,2024,12,Wednesday
2024-12-26,Audi,Q5,68753,6,Diesel,Manuell,1.2,Baden-Württemberg,4.6,2024,12,Thursday
2024-12-26,Mercedes-Benz,C-Klasse,116395,9,Benzin,Manuell,3.0,Nrw,3.3,2024,12,Thursday
2024-12-27,Bmw,I4,66869,3,Elektro,Manuell,0.0,Hessen,4.4,2024,12,Friday
2024-12-27,Audi,A4,85280,8,Diesel,Manuell,4.0,Hamburg,3.2,2024,12,Friday
2024-12-28,Opel,Mokka,19993,3,Diesel,Manuell,2.0,Baden-Württemberg,3.7,2024,12,Saturday
2024-12-29,Opel,Astra,25106,4,Elektro,Automatik,0.0,Hessen,4.3,2024,12,Sunday
2024-12-29,Opel,Mokka,25166,7,Hybrid,Manuell,4.0,Nrw,3.2,2024,12,Sunday
2024-12-29,Opel,Mokka,44884,5,Hybrid,Manuell,1.2,Nrw,4.1,2024,12,Sunday
2024-12-29,Bmw,I4,108191,9,Elektro,Manuell,2.0,Hessen,4.3,2024,12,Sunday
2024-12-31,Mercedes-Benz,E-Klasse,81845,4,Diesel,Automatik,0.0,Hamburg,4.8,2024,12,Tuesday
2024-12-31,Volkswagen,Golf,26316,2,Elektro,Manuell,0.0,Hessen,4.5,2024,12,Tuesday
2025-01-01,Opel,Mokka,35356,6,Diesel,Automatik,1.6,Berlin,3.1,2025,1,Wednesday
2025-01-02,Bmw,I4,47257,4,Elektro,Automatik,4.0,Baden-Württemberg,3.9,2025,1,Thursday
2025-01-04,Opel,Mokka,38360,9,Benzin,Manuell,0.0,Hamburg,4.1,2025,1,Saturday
2025-01-05,Bmw,I4,108043,5,Elektro,Automatik,4.0,Berlin,4.7,2025,1,Sunday
2025-01-06,Mercedes-Benz,C-Klasse,85060,7,Elektro,Automatik,0.0,Bayern,4.7,2025,1,Monday
2025-01-08,Audi,A6,54973,9,Benzin,Manuell,3.0,Hessen,3.6,2025,1,Wednesday
2025-01-08,Mercedes-Benz,C-Klasse,105621,5,Diesel,Manuell,1.6,Hessen,4.4,2025,1,Wednesday
2025-01-09,Volkswagen,Id.4,41901,8,Elektro,Automatik,0.0,Hessen,4.1,2025,1,Thursday
2025-01-09,Mercedes-Benz,Eqe,109500,9,Elektro,Automatik,0.0,Hamburg,3.3,2025,1,Thursday
2025-01-10,Opel,Mokka,27865,7,Elektro,Manuell,0.0,Hamburg,5.0,2025,1,Friday
2025-01-10,Volkswagen,Passat,30755,6,Diesel,Automatik,0.0,Bayern,4.8,2025,1,Friday
2025-01-11,Audi,Q5,87963,3,Elektro,Manuell,0.0,Hessen,3.1,2025,1,Saturday
2025-01-11,Bmw,I4,79998,9,Elektro,Manuell,2.0,Hamburg,4.2,2025,1,Saturday
2025-01-11,Audi,A4,62794,3,Diesel,Automatik,1.6,Bayern,4.5,2025,1,Saturday
2025-01-12,Audi,A6,68797,3,Hybrid,Automatik,2.0,Nrw,4.0,2025,1,Sunday
2025-01-12,Audi,Q5,51173,1,Diesel,Manuell,0.0,Nrw,4.6,2025,1,Sunday
2025-01-12,Opel,Corsa,28070,8,Diesel,Manuell,1.2,Baden-Württemberg,4.9,2025,1,Sunday
2025-01-13,Mercedes-Benz,Glc,107649,4,Diesel,Automatik,0.0,Baden-Württemberg,3.9,2025,1,Monday
2025-01-14,Audi,A6,104400,6,Elektro,Automatik,0.0,Baden-Württemberg,4.0,2025,1,Tuesday
2025-01-14,Audi,A4,72115,2,Benzin,Automatik,3.0,Bayern,3.3,2025,1,Tuesday
2025-01-14,Volkswagen,Tiguan,47520,8,Hybrid,Automatik,1.6,Berlin,3.3,2025,1,Tuesday
2025-01-15,Volkswagen,Golf,51762,6,Benzin,Manuell,2.0,Bayern,4.9,2025,1,Wednesday
2025-01-15,Mercedes-Benz,E-Klasse,82430,8,Hybrid,Automatik,0.0,Bayern,3.5,2025,1,Wednesday
2025-01-15,Mercedes-Benz,Glc,60886,5,Elektro,Manuell,0.0,Nrw,4.3,2025,1,Wednesday
2025-01-15,Mercedes-Benz,E-Klasse,88578,7,Elektro,Manuell,0.0,Hamburg,4.5,2025,1,Wednesday
2025-01-16,Volkswagen,Passat,25869,5,Benzin,Automatik,0.0,Bayern,3.2,2025,1,Thursday
2025-01-16,Bmw,3Er,107391,3,Benzin,Manuell,1.2,Hamburg,3.8,2025,1,Thursday
2025-01-16,Audi,A6,62031,9,Elektro,Automatik,0.0,Nrw,4.2,2025,1,Thursday
2025-01-16,Volkswagen,Tiguan,38050,6,Elektro,Manuell,0.0,Berlin,4.6,2025,1,Thursday
2025-01-17,Audi,E-Tron,54901,6,Elektro,Automatik,3.0,Nrw,3.2,2025,1,Friday
2025-01-18,Bmw,X5,57996,4,Benzin,Automatik,4.0,Hamburg,3.9,2025,1,Saturday
2025-01-19,Volkswagen,Golf,49427,2,Benzin,Manuell,3.0,Baden-Württemberg,3.6,2025,1,Sunday
2025-01-20,Bmw,5Er,76486,7,Diesel,Automatik,4.0,Hamburg,4.3,2025,1,Monday
2025-01-20,Audi,A4,52145,5,Benzin,Manuell,1.2,Bayern,4.8,2025,1,Monday
2025-01-21,Bmw,I4,77963,7,Elektro,Manuell,0.0,Hamburg,4.6,2025,1,Tuesday
2025-01-21,Audi,A4,52541,7,Benzin,Automatik,0.0,Hamburg,3.4,2025,1,Tuesday
2025-01-24,Audi,E-Tron,74782,4,Elektro,Automatik,0.0,Hessen,3.6,2025,1,Friday
2025-01-25,Bmw,5Er,82726,3,Diesel,Manuell,1.6,Nrw,4.0,2025,1,Saturday
2025-01-25,Audi,A6,58971,3,Hybrid,Manuell,4.0,Bayern,3.6,2025,1,Saturday
2025-01-26,Volkswagen,Tiguan,37935,4,Elektro,Manuell,0.0,Hessen,4.4,2025,1,Sunday
2025-01-27,Mercedes-Benz,E-Klasse,69008,5,Benzin,Manuell,1.2,Bayern,4.4,2025,1,Monday
2025-01-27,Volkswagen,Id.4,41199,8,Elektro,Manuell,0.0,Hamburg,4.4,2025,1,Monday
2025-01-27,Volkswagen,Tiguan,41616,7,Benzin,Manuell,1.2,Nrw,3.2,2025,1,Monday
2025-01-29,Opel,Corsa,31752,2,Diesel,Manuell,3.0,Berlin,3.9,2025,1,Wednesday
2025-01-29,Mercedes-Benz,C-Klasse,103312,4,Hybrid,Automatik,1.2,Hamburg,4.1,2025,1,Wednesday
2025-01-31,Opel,Mokka,41248,6,Benzin,Automatik,0.0,Nrw,4.2,2025,1,Friday
2025-01-31,Volkswagen,Passat,40275,8,Elektro,Manuell,0.0,Berlin,4.4,2025,1,Friday
2025-01-31,Audi,E-Tron,81346,2,Elektro,Manuell,2.0,Hessen,4.6,2025,1,Friday
2025-02-01,Bmw,5Er,107120,4,Diesel,Manuell,2.0,Hamburg,4.8,2025,2,Saturday
2025-02-02,Audi,A4,94575,7,Diesel,Manuell,4.0,Bayern,4.5,2025,2,Sunday
2025-02-02,Volkswagen,Tiguan,42611,4,Hybrid,Manuell,0.0,Hessen,5.0,2025,2,Sunday
2025-02-02,Bmw,3Er,109528,1,Elektro,Manuell,0.0,Hessen,4.2,2025,2,Sunday
2025-02-02,Opel,Mokka,39642,8,Hybrid,Automatik,2.0,Bayern,4.3,2025,2,Sunday
2025-02-03,Mercedes-Benz,Glc,67622,4,Elektro,Manuell,0.0,Baden-Württemberg,3.6,2025,2,Monday
2025-02-03,Bmw,3Er,48642,8,Diesel,Manuell,2.0,Bayern,4.8,2025,2,Monday
2025-02-03,Mercedes-Benz,Glc,51207,5,Hybrid,Manuell,0.0,Berlin,3.9,2025,2,Monday
2025-02-03,Opel,Astra,44037,6,Elektro,Manuell,0.0,Hessen,4.4,2025,2,Monday
2025-02-04,Volkswagen,Passat,46074,6,Elektro,Automatik,0.0,Bayern,3.9,2025,2,Tuesday
2025-02-04,Audi,E-Tron,70527,4,Elektro,Manuell,3.0,Hessen,4.1,2025,2,Tuesday
2025-02-05,Bmw,I4,59562,1,Elektro,Automatik,1.6,Baden-Württemberg,3.7,2025,2,Wednesday
2025-02-07,Volkswagen,Golf,32610,8,Benzin,Automatik,3.0,Bayern,4.7,2025,2,Friday
2025-02-08,Bmw,I4,63990,7,Elektro,Automatik,1.6,Berlin,3.5,2025,2,Saturday
2025-02-08,Volkswagen,Passat,58398,6,Elektro,Automatik,0.0,Berlin,3.0,2025,2,Saturday
2025-02-08,Mercedes-Benz,E-Klasse,66237,8,Hybrid,Automatik,1.2,Bayern,3.4,2025,2,Saturday
2025-02-08,Volkswagen,Tiguan,36944,5,Hybrid,Manuell,1.2,Berlin,4.6,2025,2,Saturday
2025-02-09,Opel,Mokka,26367,2,Elektro,Manuell,0.0,Hessen,4.1,2025,2,Sunday
2025-02-09,Volkswagen,Tiguan,54038,9,Diesel,Manuell,1.6,Hessen,4.3,2025,2,Sunday
2025-02-09,Audi,Q5,102320,3,Elektro,Automatik,0.0,Baden-Württemberg,4.5,2025,2,Sunday
2025-02-09,Audi,E-Tron,68064,6,Elektro,Manuell,3.0,Hamburg,4.9,2025,2,Sunday
2025-02-09,Opel,Grandland,29486,6,Elektro,Automatik,0.0,Bayern,3.6,2025,2,Sunday
2025-02-10,Audi,Q5,68398,1,Benzin,Manuell,1.6,Bayern,3.1,2025,2,Monday
2025-02-10,Mercedes-Benz,Eqe,80116,9,Elektro,Manuell,4.0,Berlin,4.7,2025,2,Monday
2025-02-10,Audi,E-Tron,41424,6,Elektro,Manuell,4.0,Baden-Württemberg,3.7,2025,2,Monday
2025-02-11,Mercedes-Benz,Eqe,77413,1,Elektro,Automatik,0.0,Berlin,4.4,2025,2,Tuesday
2025-02-11,Bmw,5Er,73099,1,Diesel,Automatik,1.2,Baden-Württemberg,4.4,2025,2,Tuesday
2025-02-11,Mercedes-Benz,E-Klasse,52591,6,Diesel,Automatik,4.0,Hessen,4.5,2025,2,Tuesday
2025-02-15,Audi,Q5,47296,1,Benzin,Manuell,1.6,Hessen,4.2,2025,2,Saturday
2025-02-16,Bmw,5Er,92658,7,Hybrid,Manuell,4.0,Berlin,3.8,2025,2,Sunday
2025-02-17,Volkswagen,Tiguan,40514,6,Elektro,Automatik,0.0,Nrw,3.5,2025,2,Monday
2025-02-17,Bmw,5Er,79441,1,Benzin,Manuell,4.0,Bayern,4.2,2025,2,Monday
2025-02-19,Opel,Mokka,41478,7,Elektro,Manuell,0.0,Hamburg,3.5,2025,2,Wednesday
2025-02-20,Audi,E-Tron,83833,4,Elektro,Manuell,0.0,Hamburg,3.2,2025,2,Thursday
2025-02-21,Volkswagen,Passat,48852,4,Hybrid,Automatik,1.2,Nrw,4.7,2025,2,Friday
2025-02-22,Volkswagen,Tiguan,27384,5,Elektro,Manuell,0.0,Nrw,3.9,2025,2,Saturday
2025-02-22,Volkswagen,Golf,28606,4,Diesel,Manuell,4.0,Hessen,4.4,2025,2,Saturday
2025-02-22,Bmw,5Er,75954,7,Hybrid,Automatik,3.0,Berlin,4.7,2025,2,Saturday
2025-02-22,Mercedes-Benz,E-Klasse,72052,1,Elektro,Manuell,0.0,Berlin,4.8,2025,2,Saturday
2025-02-23,Opel,Mokka,41408,5,Hybrid,Manuell,1.2,Hamburg,4.9,2025,2,Sunday
2025-02-23,Opel,Astra,44711,2,Diesel,Automatik,1.6,Baden-Württemberg,4.8,2025,2,Sunday
2025-02-23,Mercedes-Benz,Eqe,72173,8,Elektro,Manuell,0.0,Berlin,3.1,2025,2,Sunday
2025-02-24,Bmw,3Er,59955,6,Diesel,Automatik,3.0,Hamburg,3.0,2025,2,Monday
2025-02-24,Bmw,X5,100350,1,Elektro,Automatik,0.0,Hamburg,4.9,2025,2,Monday
2025-02-25,Mercedes-Benz,E-Klasse,85596,5,Elektro,Manuell,0.0,Bayern,3.9,2025,2,Tuesday
2025-02-25,Opel,Astra,32087,8,Hybrid,Manuell,4.0,Hessen,4.1,2025,2,Tuesday
2025-02-26,Opel,Corsa,41230,1,Hybrid,Automatik,2.0,Baden-Württemberg,4.7,2025,2,Wednesday
2025-02-26,Bmw,I4,106319,2,Elektro,Automatik,4.0,Nrw,4.3,2025,2,Wednesday
2025-02-27,Audi,A4,47846,1,Benzin,Manuell,4.0,Hamburg,3.6,2025,2,Thursday
2025-02-27,Opel,Corsa,31318,6,Benzin,Manuell,3.0,Bayern,3.5,2025,2,Thursday
2025-02-27,Bmw,5Er,53252,2,Hybrid,Automatik,1.6,Baden-Württemberg,4.2,2025,2,Thursday
2025-02-28,Bmw,X5,50738,6,Hybrid,Automatik,4.0,Hamburg,4.7,2025,2,Friday
2025-02-28,Opel,Astra,18340,9,Hybrid,Manuell,4.0,Hamburg,4.1,2025,2,Friday
2025-02-28,Volkswagen,Passat,27871,4,Benzin,Manuell,3.0,Bayern,3.5,2025,2,Friday
2025-03-01,Bmw,X5,97851,3,Diesel,Automatik,0.0,Hamburg,4.1,2025,3,Saturday
2025-03-01,Mercedes-Benz,E-Klasse,58199,8,Hybrid,Manuell,4.0,Berlin,3.2,2025,3,Saturday
2025-03-01,Audi,A4,95063,5,Diesel,Manuell,4.0,Bayern,4.5,2025,3,Saturday
2025-03-02,Opel,Corsa,25081,1,Elektro,Manuell,0.0,Hamburg,4.0,2025,3,Sunday
2025-03-02,Opel,Corsa,31156,3,Elektro,Manuell,0.0,Hamburg,4.3,2025,3,Sunday
2025-03-03,Volkswagen,Golf,25138,1,Hybrid,Automatik,4.0,Nrw,4.5,2025,3,Monday
2025-03-04,Audi,A4,67103,2,Elektro,Automatik,0.0,Hamburg,4.6,2025,3,Tuesday
2025-03-04,Volkswagen,Passat,42413,7,Elektro,Automatik,0.0,Bayern,3.2,2025,3,Tuesday
2025-03-06,Bmw,I4,87051,7,Elektro,Automatik,4.0,Nrw,3.7,2025,3,Thursday
2025-03-06,Bmw,3Er,61446,7,Diesel,Manuell,4.0,Hessen,5.0,2025,3,Thursday
2025-03-07,Audi,E-Tron,42169,3,Elektro,Manuell,2.0,Hamburg,3.3,2025,3,Friday
2025-03-07,Mercedes-Benz,Glc,117087,4,Diesel,Manuell,0.0,Nrw,4.4,2025,3,Friday
2025-03-07,Opel,Corsa,41903,8,Elektro,Automatik,0.0,Nrw,3.7,2025,3,Friday
2025-03-07,Mercedes-Benz,C-Klasse,74272,6,Benzin,Manuell,4.0,Hessen,3.4,2025,3,Friday
2025-03-09,Volkswagen,Golf,50675,3,Hybrid,Automatik,3.0,Bayern,4.3,2025,3,Sunday
2025-03-10,Bmw,3Er,89617,8,Hybrid,Manuell,0.0,Bayern,3.4,2025,3,Monday
2025-03-10,Opel,Astra,40288,8,Benzin,Manuell,1.2,Hamburg,3.5,2025,3,Monday
2025-03-10,Bmw,3Er,92068,4,Hybrid,Automatik,1.6,Hessen,4.7,2025,3,Monday
2025-03-11,Mercedes-Benz,E-Klasse,62866,3,Elektro,Automatik,0.0,Hamburg,3.0,2025,3,Tuesday
2025-03-11,Opel,Mokka,21866,9,Hybrid,Manuell,1.2,Bayern,4.8,2025,3,Tuesday
2025-03-11,Bmw,5Er,72990,9,Benzin,Automatik,4.0,Hamburg,4.2,2025,3,Tuesday
2025-03-11,Opel,Mokka,43393,8,Benzin,Manuell,4.0,Hessen,4.8,2025,3,Tuesday
2025-03-11,Audi,E-Tron,62005,3,Elektro,Manuell,3.0,Bayern,4.1,2025,3,Tuesday
2025-03-12,Mercedes-Benz,C-Klasse,64256,4,Hybrid,Automatik,3.0,Hessen,4.5,2025,3,Wednesday
2025-03-12,Audi,Q5,72082,7,Elektro,Manuell,0.0,Nrw,3.8,2025,3,Wednesday
2025-03-13,Volkswagen,Passat,25082,6,Elektro,Manuell,0.0,Nrw,3.4,2025,3,Thursday
2025-03-13,Volkswagen,Tiguan,40721,5,Benzin,Manuell,0.0,Nrw,4.3,2025,3,Thursday
2025-03-14,Bmw,X5,101985,3,Hybrid,Manuell,1.6,Hessen,4.9,2025,3,Friday
2025-03-15,Opel,Corsa,39548,2,Diesel,Automatik,3.0,Nrw,4.2,2025,3,Saturday
2025-03-16,Bmw,X5,66281,3,Elektro,Automatik,0.0,Hessen,3.5,2025,3,Sunday
2025-03-16,Opel,Astra,20451,5,Diesel,Automatik,1.2,Hamburg,3.5,2025,3,Sunday
2025-03-16,Audi,A4,40785,5,Benzin,Automatik,1.6,Hamburg,3.9,2025,3,Sunday
2025-03-17,Bmw,3Er,97882,5,Diesel,Manuell,0.0,Nrw,4.3,2025,3,Monday
2025-03-17,Opel,Grandland,19519,9,Benzin,Automatik,0.0,Nrw,4.6,2025,3,Monday
2025-03-17,Volkswagen,Id.4,42266,2,Elektro,Automatik,0.0,Nrw,3.1,2025,3,Monday
2025-03-18,Audi,Q5,92101,9,Hybrid,Manuell,0.0,Hessen,4.7,2025,3,Tuesday
2025-03-19,Volkswagen,Golf,29733,3,Hybrid,Manuell,2.0,Hessen,4.9,2025,3,Wednesday
2025-03-20,Mercedes-Benz,Eqe,113610,3,Elektro,Automatik,3.0,Nrw,4.5,2025,3,Thursday
2025-03-20,Bmw,5Er,93442,9,Hybrid,Manuell,1.6,Bayern,3.8,2025,3,Thursday
2025-03-20,Mercedes-Benz,C-Klasse,106575,8,Diesel,Manuell,2.0,Hamburg,3.8,2025,3,Thursday
2025-03-21,Audi,Q5,59595,6,Hybrid,Automatik,0.0,Hessen,3.8,2025,3,Friday
2025-03-22,Mercedes-Benz,Glc,58605,1,Elektro,Manuell,0.0,Hessen,4.0,2025,3,Saturday
2025-03-22,Audi,A6,52251,7,Hybrid,Manuell,1.2,Bayern,3.6,2025,3,Saturday
2025-03-24,Audi,Q5,102345,9,Benzin,Manuell,1.6,Hamburg,3.4,2025,3,Monday
2025-03-24,Mercedes-Benz,E-Klasse,55039,7,Diesel,Manuell,2.0,Bayern,3.2,2025,3,Monday
2025-03-24,Audi,Q5,58354,4,Elektro,Manuell,0.0,Hamburg,3.6,2025,3,Monday
2025-03-24,Audi,E-Tron,67233,5,Elektro,Automatik,1.2,Berlin,3.4,2025,3,Monday
2025-03-25,Bmw,3Er,76781,7,Diesel,Automatik,2.0,Hamburg,3.3,2025,3,Tuesday
2025-03-25,Mercedes-Benz,Glc,62112,9,Hybrid,Automatik,2.0,Berlin,4.9,2025,3,Tuesday
2025-03-26,Bmw,X5,109937,2,Hybrid,Manuell,1.2,Hamburg,4.4,2025,3,Wednesday
2025-03-28,Bmw,5Er,109763,5,Diesel,Manuell,2.0,Nrw,3.8,2025,3,Friday
2025-03-28,Audi,E-Tron,78975,4,Elektro,Manuell,1.2,Hamburg,3.5,2025,3,Friday
2025-03-29,Audi,A6,72298,1,Hybrid,Automatik,3.0,Baden-Württemberg,4.2,2025,3,Saturday
2025-03-29,Bmw,3Er,109450,9,Elektro,Automatik,0.0,Nrw,3.3,2025,3,Saturday
2025-03-29,Opel,Grandland,22538,2,Elektro,Automatik,0.0,Bayern,3.1,2025,3,Saturday
2025-03-30,Opel,Grandland,24313,7,Diesel,Manuell,0.0,Hessen,3.2,2025,3,Sunday
2025-03-30,Opel,Astra,36163,5,Elektro,Manuell,0.0,Berlin,3.2,2025,3,Sunday
2025-03-30,Opel,Corsa,42035,4,Diesel,Manuell,1.6,Berlin,3.3,2025,3,Sunday
2025-03-31,Audi,A4,104340,4,Diesel,Automatik,3.0,Hessen,3.0,2025,3,Monday
2025-03-31,Opel,Astra,42509,3,Benzin,Manuell,3.0,Hessen,4.1,2025,3,Monday
2025-04-01,Opel,Grandland,27689,2,Elektro,Automatik,0.0,Berlin,3.5,2025,4,Tuesday
2025-04-01,Volkswagen,Golf,37449,1,Diesel,Manuell,2.0,Baden-Württemberg,4.4,2025,4,Tuesday
2025-04-03,Audi,A4,99500,3,Benzin,Automatik,1.2,Hamburg,4.5,2025,4,Thursday
2025-04-04,Mercedes-Benz,Glc,70878,5,Hybrid,Manuell,4.0,Nrw,4.9,2025,4,Friday
2025-04-04,Audi,A4,51254,4,Benzin,Manuell,0.0,Hessen,4.4,2025,4,Friday
2025-04-05,Volkswagen,Id.4,55431,9,Elektro,Automatik,0.0,Berlin,4.3,2025,4,Saturday
2025-04-06,Audi,A6,92789,6,Hybrid,Manuell,1.2,Hamburg,3.2,2025,4,Sunday
2025-04-07,Opel,Astra,36606,2,Diesel,Manuell,2.0,Nrw,4.8,2025,4,Monday
2025-04-07,Audi,A4,99766,3,Hybrid,Automatik,3.0,Hessen,3.7,2025,4,Monday
2025-04-07,Volkswagen,Passat,55154,5,Benzin,Automatik,0.0,Hamburg,4.7,2025,4,Monday
2025-04-07,Audi,E-Tron,95243,4,Elektro,Automatik,1.2,Baden-Württemberg,4.5,2025,4,Monday
2025-04-09,Mercedes-Benz,C-Klasse,109778,9,Hybrid,Automatik,4.0,Bayern,3.5,2025,4,Wednesday
2025-04-09,Audi,Q5,54027,2,Diesel,Automatik,4.0,Baden-Württemberg,4.7,2025,4,Wednesday
2025-04-10,Bmw,5Er,103653,3,Elektro,Manuell,0.0,Berlin,3.3,2025,4,Thursday
2025-04-10,Volkswagen,Id.4,59631,5,Elektro,Manuell,1.2,Hamburg,4.0,2025,4,Thursday
2025-04-10,Volkswagen,Tiguan,36950,4,Benzin,Automatik,3.0,Hamburg,4.8,2025,4,Thursday
2025-04-11,Audi,A6,72955,8,Benzin,Manuell,1.6,Hessen,4.4,2025,4,Friday
2025-04-11,Bmw,5Er,47092,5,Elektro,Manuell,0.0,Berlin,4.6,2025,4,Friday
2025-04-11,Volkswagen,Golf,51586,1,Benzin,Automatik,0.0,Nrw,4.4,2025,4,Friday
2025-04-11,Audi,A6,70131,4,Benzin,Automatik,2.0,Hessen,3.0,2025,4,Friday
2025-04-12,Mercedes-Benz,Eqe,97135,6,Elektro,Manuell,0.0,Baden-Württemberg,4.8,2025,4,Saturday
2025-04-13,Opel,Grandland,27784,8,Diesel,Automatik,2.0,Hessen,4.0,2025,4,Sunday
2025-04-13,Opel,Mokka,25619,7,Elektro,Manuell,0.0,Baden-Württemberg,4.1,2025,4,Sunday
2025-04-15,Volkswagen,Passat,26307,9,Diesel,Automatik,0.0,Hamburg,3.6,2025,4,Tuesday
2025-04-15,Bmw,3Er,91109,5,Benzin,Automatik,0.0,Hessen,4.0,2025,4,Tuesday
2025-04-16,Volkswagen,Id.4,40417,3,Elektro,Automatik,4.0,Bayern,4.9,2025,4,Wednesday
2025-04-17,Volkswagen,Tiguan,46607,7,Diesel,Automatik,1.6,Nrw,4.4,2025,4,Thursday
2025-04-19,Bmw,5Er,68501,6,Diesel,Manuell,0.0,Hamburg,4.7,2025,4,Saturday
2025-04-20,Volkswagen,Tiguan,32214,9,Diesel,Automatik,2.0,Bayern,3.2,2025,4,Sunday
2025-04-20,Bmw,5Er,66644,4,Hybrid,Manuell,2.0,Baden-Württemberg,3.6,2025,4,Sunday
2025-04-20,Mercedes-Benz,E-Klasse,120482,6,Hybrid,Manuell,3.0,Baden-Württemberg,5.0,2025,4,Sunday
2025-04-20,Bmw,X5,104234,5,Elektro,Manuell,0.0,Bayern,4.9,2025,4,Sunday
2025-04-21,Volkswagen,Passat,26363,4,Hybrid,Manuell,4.0,Hessen,4.0,2025,4,Monday
2025-04-21,Opel,Astra,30360,4,Hybrid,Automatik,1.2,Hamburg,5.0,2025,4,Monday
2025-04-21,Volkswagen,Tiguan,26140,1,Elektro,Automatik,0.0,Nrw,5.0,2025,4,Monday
2025-04-23,Audi,Q5,81458,9,Benzin,Automatik,1.6,Nrw,4.5,2025,4,Wednesday
2025-04-24,Mercedes-Benz,E-Klasse,105276,8,Elektro,Manuell,0.0,Hamburg,4.1,2025,4,Thursday
2025-04-25,Mercedes-Benz,Glc,63979,9,Hybrid,Automatik,3.0,Nrw,4.4,2025,4,Friday
2025-04-25,Volkswagen,Id.4,55386,5,Elektro,Manuell,2.0,Hamburg,4.8,2025,4,Friday
2025-04-26,Opel,Astra,43185,5,Diesel,Automatik,1.6,Berlin,3.8,2025,4,Saturday
2025-04-26,Mercedes-Benz,C-Klasse,92727,9,Diesel,Manuell,1.2,Berlin,3.4,2025,4,Saturday
2025-04-27,Bmw,5Er,90486,7,Benzin,Automatik,0.0,Baden-Württemberg,3.5,2025,4,Sunday
2025-04-27,Mercedes-Benz,E-Klasse,76417,5,Hybrid,Automatik,3.0,Bayern,5.0,2025,4,Sunday
2025-04-27,Volkswagen,Id.4,26088,9,Elektro,Manuell,0.0,Bayern,3.3,2025,4,Sunday
2025-04-27,Volkswagen,Id.4,41566,6,Elektro,Manuell,4.0,Hessen,3.2,2025,4,Sunday
2025-04-27,Audi,A6,80893,4,Elektro,Manuell,0.0,Nrw,3.0,2025,4,Sunday
2025-04-27,Volkswagen,Golf,56131,2,Elektro,Manuell,0.0,Bayern,4.3,2025,4,Sunday
2025-04-29,Mercedes-Benz,E-Klasse,81707,4,Hybrid,Manuell,0.0,Bayern,3.6,2025,4,Tuesday
2025-04-29,Bmw,5Er,89582,1,Hybrid,Automatik,4.0,Bayern,3.2,2025,4,Tuesday
2025-04-29,Bmw,3Er,106202,4,Elektro,Automatik,0.0,Berlin,4.4,2025,4,Tuesday
2025-04-30,Audi,A6,52297,4,Elektro,Automatik,0.0,Bayern,4.6,2025,4,Wednesday
2025-04-30,Bmw,5Er,46538,3,Diesel,Manuell,0.0,Hessen,3.6,2025,4,Wednesday
2025-05-02,Audi,A6,66672,1,Elektro,Automatik,0.0,Bayern,4.5,2025,5,Friday
2025-05-02,Bmw,X5,107491,1,Benzin,Manuell,1.6,Bayern,3.5,2025,5,Friday
2025-05-04,Opel,Mokka,20490,8,Diesel,Manuell,1.6,Baden-Württemberg,3.2,2025,5,Sunday
2025-05-04,Opel,Corsa,18699,8,Benzin,Automatik,3.0,Berlin,3.5,2025,5,Sunday
2025-05-05,Audi,Q5,92526,4,Hybrid,Manuell,1.2,Bayern,4.9,2025,5,Monday
2025-05-05,Audi,A4,73870,3,Elektro,Manuell,0.0,Hamburg,4.0,2025,5,Monday
2025-05-06,Mercedes-Benz,E-Klasse,79961,4,Benzin,Automatik,1.6,Hessen,4.9,2025,5,Tuesday
2025-05-06,Bmw,X5,102416,3,Hybrid,Automatik,0.0,Bayern,4.3,2025,5,Tuesday
2025-05-07,Audi,A4,45585,4,Diesel,Manuell,2.0,Hessen,3.9,2025,5,Wednesday
2025-05-08,Mercedes-Benz,E-Klasse,79061,1,Hybrid,Automatik,2.0,Nrw,4.5,2025,5,Thursday
2025-05-08,Volkswagen,Id.4,35350,2,Elektro,Manuell,2.0,Berlin,3.3,2025,5,Thursday
2025-05-08,Audi,A6,91707,3,Benzin,Automatik,3.0,Bayern,4.0,2025,5,Thursday
2025-05-08,Mercedes-Benz,Glc,63869,2,Hybrid,Manuell,3.0,Hamburg,4.1,2025,5,Thursday
2025-05-11,Audi,E-Tron,88688,2,Elektro,Manuell,1.6,Bayern,3.4,2025,5,Sunday
2025-05-11,Opel,Mokka,22493,9,Hybrid,Manuell,3.0,Baden-Württemberg,4.4,2025,5,Sunday
2025-05-13,Opel,Corsa,43599,2,Diesel,Manuell,4.0,Hessen,4.4,2025,5,Tuesday
2025-05-14,Bmw,5Er,107154,7,Diesel,Automatik,1.6,Bayern,3.1,2025,5,Wednesday
2025-05-14,Bmw,I4,84188,5,Elektro,Manuell,2.0,Baden-Württemberg,4.1,2025,5,Wednesday
2025-05-14,Opel,Grandland,19296,5,Benzin,Automatik,1.6,Hamburg,3.9,2025,5,Wednesday
2025-05-14,Opel,Astra,27744,5,Benzin,Automatik,0.0,Hamburg,4.4,2025,5,Wednesday
2025-05-15,Mercedes-Benz,E-Klasse,50887,8,Hybrid,Automatik,2.0,Berlin,3.5,2025,5,Thursday
2025-05-18,Bmw,X5,75106,6,Diesel,Automatik,1.2,Nrw,4.9,2025,5,Sunday
2025-05-19,Audi,E-Tron,90970,3,Elektro,Automatik,3.0,Bayern,4.9,2025,5,Monday
2025-05-19,Bmw,5Er,60372,9,Elektro,Manuell,0.0,Berlin,3.8,2025,5,Monday
2025-05-19,Audi,A6,103612,7,Benzin,Automatik,1.6,Nrw,3.3,2025,5,Monday
2025-05-19,Volkswagen,Golf,51147,3,Elektro,Manuell,0.0,Hamburg,4.6,2025,5,Monday
2025-05-20,Audi,Q5,59456,2,Benzin,Manuell,1.2,Nrw,3.2,2025,5,Tuesday
2025-05-21,Mercedes-Benz,C-Klasse,76049,4,Elektro,Manuell,0.0,Baden-Württemberg,4.4,2025,5,Wednesday
2025-05-22,Opel,Corsa,21450,2,Elektro,Manuell,0.0,Berlin,4.3,2025,5,Thursday
2025-05-22,Volkswagen,Passat,50917,4,Hybrid,Automatik,0.0,Berlin,3.6,2025,5,Thursday
2025-05-23,Bmw,X5,57991,6,Elektro,Automatik,0.0,Hamburg,4.3,2025,5,Friday
2025-05-23,Volkswagen,Passat,55403,3,Elektro,Automatik,0.0,Baden-Württemberg,3.4,2025,5,Friday
2025-05-24,Volkswagen,Golf,50235,7,Benzin,Automatik,3.0,Hamburg,4.5,2025,5,Saturday
2025-05-24,Opel,Astra,36193,4,Benzin,Manuell,4.0,Bayern,5.0,2025,5,Saturday
2025-05-28,Audi,A6,94211,4,Hybrid,Manuell,1.2,Nrw,4.8,2025,5,Wednesday
2025-05-28,Mercedes-Benz,E-Klasse,114619,6,Diesel,Manuell,0.0,Hamburg,4.0,2025,5,Wednesday
2025-05-28,Bmw,5Er,80236,4,Diesel,Manuell,4.0,Nrw,5.0,2025,5,Wednesday
2025-05-29,Opel,Astra,18557,6,Hybrid,Automatik,4.0,Nrw,3.3,2025,5,Thursday
2025-05-29,Mercedes-Benz,C-Klasse,52204,1,Elektro,Manuell,0.0,Baden-Württemberg,3.7,2025,5,Thursday
2025-05-29,Bmw,3Er,72045,5,Diesel,Manuell,4.0,Hamburg,4.8,2025,5,Thursday
2025-05-29,Mercedes-Benz,E-Klasse,111240,1,Elektro,Automatik,0.0,Hamburg,4.5,2025,5,Thursday
2025-05-30,Mercedes-Benz,Glc,69477,8,Diesel,Automatik,2.0,Nrw,4.1,2025,5,Friday
2025-05-30,Audi,A6,87562,3,Elektro,Manuell,0.0,Bayern,3.3,2025,5,Friday
2025-05-31,Bmw,X5,53491,9,Diesel,Manuell,2.0,Hessen,3.1,2025,5,Saturday
2025-05-31,Volkswagen,Passat,54535,2,Hybrid,Manuell,1.2,Hamburg,4.3,2025,5,Saturday
2025-05-31,Volkswagen,Tiguan,46793,5,Diesel,Automatik,3.0,Baden-Württemberg,4.0,2025,5,Saturday
2025-05-31,Opel,Grandland,30258,8,Diesel,Manuell,4.0,Nrw,3.9,2025,5,Saturday
2025-06-02,Audi,E-Tron,47190,4,Elektro,Manuell,3.0,Nrw,4.2,2025,6,Monday
2025-06-02,Volkswagen,Golf,45058,2,Benzin,Manuell,4.0,Bayern,3.9,2025,6,Monday
2025-06-03,Mercedes-Benz,Glc,55355,5,Hybrid,Automatik,3.0,Hessen,3.9,2025,6,Tuesday
2025-06-03,Bmw,I4,47832,5,Elektro,Automatik,4.0,Hessen,3.3,2025,6,Tuesday
2025-06-03,Mercedes-Benz,C-Klasse,88506,6,Hybrid,Automatik,1.2,Bayern,4.6,2025,6,Tuesday
2025-06-05,Opel,Astra,29515,4,Diesel,Automatik,2.0,Nrw,3.6,2025,6,Thursday
2025-06-06,Opel,Grandland,26036,1,Elektro,Manuell,0.0,Bayern,4.5,2025,6,Friday
2025-06-06,Audi,Q5,100948,6,Elektro,Automatik,0.0,Hessen,3.7,2025,6,Friday
2025-06-07,Bmw,X5,87712,4,Hybrid,Automatik,1.2,Bayern,4.5,2025,6,Saturday
2025-06-09,Volkswagen,Tiguan,37413,1,Hybrid,Manuell,3.0,Bayern,3.1,2025,6,Monday
2025-06-09,Bmw,3Er,56185,8,Diesel,Automatik,1.2,Baden-Württemberg,4.7,2025,6,Monday
2025-06-09,Volkswagen,Id.4,40369,1,Elektro,Automatik,0.0,Bayern,4.3,2025,6,Monday
2025-06-10,Audi,E-Tron,52905,1,Elektro,Automatik,1.6,Berlin,4.0,2025,6,Tuesday
2025-06-12,Audi,A4,84781,9,Hybrid,Manuell,1.6,Nrw,4.6,2025,6,Thursday
2025-06-12,Audi,Q5,68783,5,Elektro,Manuell,0.0,Hamburg,3.6,2025,6,Thursday
2025-06-13,Bmw,3Er,62058,2,Diesel,Automatik,3.0,Berlin,3.8,2025,6,Friday
2025-06-14,Bmw,3Er,52069,1,Elektro,Manuell,0.0,Nrw,3.6,2025,6,Saturday
2025-06-14,Audi,A4,43236,7,Elektro,Manuell,0.0,Hamburg,4.7,2025,6,Saturday
2025-06-15,Bmw,X5,48832,1,Diesel,Automatik,1.6,Nrw,4.7,2025,6,Sunday
2025-06-15,Bmw,3Er,99189,4,Hybrid,Manuell,1.2,Baden-Württemberg,3.2,2025,6,Sunday
2025-06-16,Volkswagen,Id.4,58396,4,Elektro,Automatik,2.0,Hessen,3.8,2025,6,Monday
2025-06-16,Opel,Grandland,41745,7,Hybrid,Manuell,4.0,Bayern,3.3,2025,6,Monday
2025-06-16,Bmw,5Er,88664,6,Benzin,Manuell,3.0,Hamburg,4.0,2025,6,Monday
2025-06-16,Opel,Grandland,28758,1,Benzin,Manuell,4.0,Berlin,4.8,2025,6,Monday
2025-06-17,Volkswagen,Id.4,44611,7,Elektro,Manuell,0.0,Hamburg,3.6,2025,6,Tuesday
2025-06-19,Opel,Mokka,18215,6,Hybrid,Manuell,2.0,Berlin,4.2,2025,6,Thursday
2025-06-19,Volkswagen,Tiguan,52076,2,Diesel,Automatik,0.0,Hamburg,4.4,2025,6,Thursday
2025-06-20,Audi,E-Tron,72934,6,Elektro,Automatik,1.6,Nrw,4.8,2025,6,Friday
2025-06-20,Volkswagen,Passat,52810,8,Hybrid,Manuell,1.6,Hamburg,3.7,2025,6,Friday
2025-06-20,Volkswagen,Golf,33068,3,Hybrid,Automatik,2.0,Bayern,4.4,2025,6,Friday
2025-06-22,Audi,E-Tron,40358,2,Elektro,Manuell,1.6,Hessen,3.6,2025,6,Sunday
2025-06-23,Audi,E-Tron,89393,2,Elektro,Automatik,2.0,Hamburg,4.6,2025,6,Monday
2025-06-23,Mercedes-Benz,E-Klasse,100516,4,Elektro,Manuell,0.0,Baden-Württemberg,4.2,2025,6,Monday
2025-06-23,Audi,Q5,62056,7,Hybrid,Manuell,1.2,Baden-Württemberg,4.3,2025,6,Monday
2025-06-24,Bmw,X5,55704,1,Elektro,Automatik,0.0,Nrw,4.7,2025,6,Tuesday
2025-06-25,Volkswagen,Id.4,36691,5,Elektro,Manuell,2.0,Hessen,4.4,2025,6,Wednesday
2025-06-25,Mercedes-Benz,Glc,98651,8,Hybrid,Manuell,3.0,Berlin,3.3,2025,6,Wednesday
2025-06-25,Opel,Mokka,34433,2,Elektro,Automatik,0.0,Bayern,3.3,2025,6,Wednesday
2025-06-26,Audi,A4,44967,1,Diesel,Automatik,2.0,Hessen,3.6,2025,6,Thursday
2025-06-26,Mercedes-Benz,E-Klasse,71281,2,Diesel,Manuell,1.6,Hessen,4.0,2025,6,Thursday
2025-06-27,Audi,Q5,42800,5,Diesel,Automatik,2.0,Hessen,5.0,2025,6,Friday
2025-06-27,Mercedes-Benz,E-Klasse,68199,8,Diesel,Automatik,3.0,Hamburg,4.5,2025,6,Friday
2025-06-29,Audi,A4,44769,9,Diesel,Manuell,4.0,Baden-Württemberg,4.3,2025,6,Sunday
2025-06-29,Opel,Astra,29989,4,Benzin,Automatik,1.6,Berlin,3.6,2025,6,Sunday
2025-06-30,Audi,A4,50717,3,Benzin,Automatik,2.0,Bayern,4.2,2025,6,Monday
2025-06-30,Volkswagen,Tiguan,44488,9,Benzin,Automatik,4.0,Hamburg,3.4,2025,6,Monday
2025-07-01,Volkswagen,Tiguan,35238,7,Hybrid,Automatik,1.6,Bayern,3.8,2025,7,Tuesday
2025-07-01,Volkswagen,Tiguan,34135,3,Diesel,Automatik,1.6,Nrw,4.7,2025,7,Tuesday
2025-07-02,Volkswagen,Id.4,35103,8,Elektro,Manuell,4.0,Nrw,4.5,2025,7,Wednesday
2025-07-03,Volkswagen,Passat,31989,2,Benzin,Manuell,4.0,Hessen,4.9,2025,7,Thursday
2025-07-03,Volkswagen,Golf,41753,8,Benzin,Automatik,0.0,Hessen,4.4,2025,7,Thursday
2025-07-03,Audi,A4,60456,9,Benzin,Automatik,1.6,Hessen,4.7,2025,7,Thursday
2025-07-03,Audi,A4,91098,4,Diesel,Manuell,1.6,Nrw,4.1,2025,7,Thursday
2025-07-04,Volkswagen,Golf,41873,4,Benzin,Manuell,0.0,Nrw,3.3,2025,7,Friday
2025-07-04,Opel,Corsa,29442,9,Benzin,Manuell,1.6,Bayern,3.2,2025,7,Friday
2025-07-04,Opel,Mokka,36452,4,Hybrid,Manuell,4.0,Nrw,4.4,2025,7,Friday
2025-07-05,Audi,A4,90740,8,Diesel,Automatik,3.0,Nrw,4.0,2025,7,Saturday
2025-07-06,Volkswagen,Golf,41986,9,Benzin,Manuell,1.2,Bayern,4.9,2025,7,Sunday
2025-07-07,Bmw,3Er,108918,1,Hybrid,Manuell,3.0,Bayern,4.8,2025,7,Monday
2025-07-07,Bmw,3Er,100620,8,Benzin,Automatik,1.2,Berlin,4.7,2025,7,Monday
2025-07-07,Volkswagen,Golf,47440,8,Benzin,Automatik,1.6,Hamburg,4.7,2025,7,Monday
2025-07-07,Volkswagen,Tiguan,28273,7,Benzin,Automatik,2.0,Nrw,5.0,2025,7,Monday
2025-07-07,Bmw,I4,55913,9,Elektro,Manuell,4.0,Nrw,3.2,2025,7,Monday
2025-07-07,Opel,Mokka,37624,9,Elektro,Automatik,0.0,Hamburg,4.5,2025,7,Monday
2025-07-08,Volkswagen,Passat,30283,6,Elektro,Automatik,0.0,Bayern,3.9,2025,7,Tuesday
2025-07-09,Volkswagen,Id.4,45127,5,Elektro,Manuell,2.0,Hessen,3.6,2025,7,Wednesday
2025-07-10,Opel,Astra,38411,7,Hybrid,Manuell,1.6,Nrw,3.6,2025,7,Thursday
2025-07-11,Mercedes-Benz,Eqe,60808,9,Elektro,Automatik,1.2,Hessen,3.8,2025,7,Friday
2025-07-11,Opel,Grandland,23488,7,Benzin,Manuell,0.0,Baden-Württemberg,4.1,2025,7,Friday
2025-07-12,Mercedes-Benz,C-Klasse,52708,5,Diesel,Manuell,3.0,Bayern,3.1,2025,7,Saturday
2025-07-12,Mercedes-Benz,E-Klasse,52093,3,Diesel,Automatik,1.2,Bayern,4.4,2025,7,Saturday
2025-07-12,Volkswagen,Tiguan,56030,3,Elektro,Manuell,0.0,Berlin,4.6,2025,7,Saturday
2025-07-12,Volkswagen,Tiguan,29757,9,Elektro,Manuell,0.0,Bayern,4.5,2025,7,Saturday
2025-07-13,Volkswagen,Id.4,53246,6,Elektro,Automatik,0.0,Berlin,3.3,2025,7,Sunday
2025-07-13,Volkswagen,Passat,30571,8,Benzin,Automatik,1.2,Hamburg,3.2,2025,7,Sunday
2025-07-14,Bmw,5Er,61766,4,Benzin,Manuell,3.0,Berlin,3.7,2025,7,Monday
2025-07-14,Bmw,X5,95876,7,Hybrid,Automatik,1.6,Bayern,3.5,2025,7,Monday
2025-07-14,Opel,Corsa,29116,8,Elektro,Automatik,0.0,Hessen,3.8,2025,7,Monday
2025-07-14,Bmw,I4,98045,3,Elektro,Manuell,3.0,Nrw,4.5,2025,7,Monday
2025-07-14,Volkswagen,Tiguan,50833,1,Diesel,Manuell,2.0,Baden-Württemberg,3.6,2025,7,Monday
2025-07-15,Audi,A4,58689,6,Diesel,Automatik,4.0,Bayern,4.1,2025,7,Tuesday
2025-07-15,Audi,A4,103145,1,Benzin,Manuell,3.0,Bayern,4.2,2025,7,Tuesday
2025-07-15,Opel,Corsa,43879,3,Hybrid,Automatik,1.6,Nrw,3.3,2025,7,Tuesday
2025-07-16,Mercedes-Benz,E-Klasse,116914,7,Hybrid,Automatik,1.6,Bayern,4.9,2025,7,Wednesday
2025-07-16,Mercedes-Benz,E-Klasse,68793,1,Elektro,Automatik,0.0,Hessen,3.0,2025,7,Wednesday
2025-07-16,Mercedes-Benz,C-Klasse,75500,3,Hybrid,Automatik,1.2,Hessen,4.2,2025,7,Wednesday
2025-07-17,Mercedes-Benz,C-Klasse,76917,3,Hybrid,Automatik,1.6,Bayern,5.0,2025,7,Thursday
2025-07-19,Audi,A4,83369,1,Elektro,Manuell,0.0,Nrw,3.6,2025,7,Saturday
2025-07-20,Opel,Grandland,42885,3,Hybrid,Manuell,1.2,Baden-Württemberg,5.0,2025,7,Sunday
2025-07-21,Audi,Q5,84049,9,Hybrid,Manuell,0.0,Berlin,4.8,2025,7,Monday
2025-07-22,Bmw,3Er,108227,5,Diesel,Automatik,3.0,Hamburg,4.3,2025,7,Tuesday
2025-07-24,Volkswagen,Golf,50582,6,Benzin,Manuell,4.0,Bayern,3.5,2025,7,Thursday
2025-07-24,Audi,A4,70471,6,Elektro,Automatik,0.0,Hamburg,3.3,2025,7,Thursday
2025-07-24,Audi,E-Tron,46614,1,Elektro,Automatik,1.2,Baden-Württemberg,3.2,2025,7,Thursday
2025-07-25,Volkswagen,Passat,30793,6,Diesel,Manuell,0.0,Berlin,3.0,2025,7,Friday
2025-07-25,Bmw,5Er,71732,4,Benzin,Manuell,0.0,Bayern,4.8,2025,7,Friday
2025-07-26,Audi,E-Tron,83798,8,Elektro,Manuell,1.2,Bayern,3.5,2025,7,Saturday
2025-07-26,Bmw,I4,54065,3,Elektro,Automatik,0.0,Baden-Württemberg,4.7,2025,7,Saturday
2025-07-26,Volkswagen,Golf,35451,4,Elektro,Automatik,0.0,Baden-Württemberg,5.0,2025,7,Saturday
2025-07-26,Opel,Grandland,32122,5,Diesel,Manuell,0.0,Bayern,4.6,2025,7,Saturday
2025-07-27,Audi,E-Tron,54387,7,Elektro,Automatik,4.0,Nrw,3.5,2025,7,Sunday
2025-07-27,Opel,Mokka,28576,8,Benzin,Manuell,1.6,Baden-Württemberg,3.4,2025,7,Sunday
2025-07-27,Mercedes-Benz,E-Klasse,81921,7,Elektro,Manuell,0.0,Bayern,4.4,2025,7,Sunday
2025-07-28,Mercedes-Benz,E-Klasse,60728,5,Diesel,Automatik,3.0,Baden-Württemberg,5.0,2025,7,Monday
2025-07-29,Opel,Grandland,39562,1,Benzin,Automatik,3.0,Nrw,3.1,2025,7,Tuesday
2025-07-30,Opel,Grandland,34654,6,Diesel,Manuell,3.0,Hamburg,3.4,2025,7,Wednesday
2025-07-31,Audi,A6,43802,7,Benzin,Automatik,1.6,Berlin,4.9,2025,7,Thursday
2025-07-31,Volkswagen,Passat,40906,6,Elektro,Manuell,0.0,Baden-Württemberg,3.4,2025,7,Thursday
2025-08-01,Opel,Astra,20426,4,Diesel,Automatik,1.2,Hessen,3.5,2025,8,Friday
2025-08-01,Mercedes-Benz,Eqe,114887,3,Elektro,Automatik,2.0,Berlin,4.6,2025,8,Friday
2025-08-02,Audi,Q5,58284,8,Elektro,Automatik,0.0,Nrw,4.2,2025,8,Saturday
2025-08-02,Mercedes-Benz,C-Klasse,57295,8,Diesel,Automatik,2.0,Bayern,3.5,2025,8,Saturday
2025-08-02,Bmw,3Er,60848,3,Elektro,Manuell,0.0,Hamburg,3.1,2025,8,Saturday
2025-08-03,Mercedes-Benz,E-Klasse,114789,2,Diesel,Automatik,1.2,Nrw,3.1,2025,8,Sunday
2025-08-03,Audi,A4,84760,1,Diesel,Automatik,2.0,Nrw,3.3,2025,8,Sunday
2025-08-03,Audi,E-Tron,47597,1,Elektro,Manuell,0.0,Bayern,3.9,2025,8,Sunday
2025-08-03,Bmw,5Er,90550,8,Hybrid,Manuell,1.6,Baden-Württemberg,4.7,2025,8,Sunday
2025-08-04,Mercedes-Benz,Eqe,72601,7,Elektro,Automatik,4.0,Berlin,3.9,2025,8,Monday
2025-08-04,Opel,Astra,20176,6,Diesel,Manuell,4.0,Nrw,4.3,2025,8,Monday
2025-08-05,Bmw,I4,92464,8,Elektro,Automatik,1.2,Baden-Württemberg,4.2,2025,8,Tuesday
2025-08-06,Opel,Astra,26767,7,Diesel,Automatik,4.0,Berlin,4.5,2025,8,Wednesday
2025-08-06,Opel,Grandland,30048,6,Benzin,Automatik,1.6,Hessen,3.1,2025,8,Wednesday
2025-08-06,Bmw,X5,64642,1,Hybrid,Automatik,1.6,Hessen,3.1,2025,8,Wednesday
2025-08-06,Volkswagen,Passat,53151,3,Hybrid,Manuell,4.0,Baden-Württemberg,4.8,2025,8,Wednesday
2025-08-08,Opel,Mokka,41736,7,Hybrid,Manuell,0.0,Bayern,3.6,2025,8,Friday
2025-08-09,Bmw,X5,105775,8,Elektro,Manuell,0.0,Hessen,3.6,2025,8,Saturday
2025-08-10,Volkswagen,Id.4,26920,3,Elektro,Manuell,0.0,Baden-Württemberg,4.8,2025,8,Sunday
2025-08-10,Audi,Q5,81328,5,Elektro,Automatik,0.0,Hamburg,3.7,2025,8,Sunday
2025-08-10,Audi,Q5,59459,1,Benzin,Automatik,2.0,Nrw,3.8,2025,8,Sunday
2025-08-12,Bmw,X5,72734,1,Elektro,Manuell,0.0,Baden-Württemberg,4.8,2025,8,Tuesday
2025-08-12,Volkswagen,Golf,59773,6,Elektro,Manuell,0.0,Bayern,4.5,2025,8,Tuesday
2025-08-13,Mercedes-Benz,E-Klasse,58244,3,Diesel,Automatik,1.6,Hamburg,3.9,2025,8,Wednesday
2025-08-15,Volkswagen,Golf,29557,8,Elektro,Manuell,0.0,Hamburg,3.2,2025,8,Friday
2025-08-16,Volkswagen,Passat,52990,9,Diesel,Manuell,2.0,Hamburg,4.2,2025,8,Saturday
2025-08-16,Volkswagen,Id.4,58905,2,Elektro,Automatik,0.0,Baden-Württemberg,3.4,2025,8,Saturday
2025-08-16,Bmw,3Er,89605,4,Hybrid,Automatik,2.0,Bayern,3.0,2025,8,Saturday
2025-08-16,Mercedes-Benz,E-Klasse,123539,6,Hybrid,Automatik,4.0,Hessen,3.1,2025,8,Saturday
2025-08-18,Audi,A4,58753,6,Diesel,Manuell,3.0,Baden-Württemberg,3.6,2025,8,Monday
2025-08-18,Mercedes-Benz,Eqe,78482,9,Elektro,Manuell,1.2,Berlin,4.0,2025,8,Monday
2025-08-18,Volkswagen,Id.4,37253,7,Elektro,Manuell,0.0,Hamburg,3.1,2025,8,Monday
2025-08-19,Bmw,X5,70372,8,Benzin,Manuell,1.6,Hamburg,4.7,2025,8,Tuesday
2025-08-19,Volkswagen,Golf,52127,3,Benzin,Manuell,1.6,Hessen,4.5,2025,8,Tuesday
2025-08-20,Bmw,I4,71990,7,Elektro,Manuell,0.0,Berlin,3.6,2025,8,Wednesday
2025-08-20,Audi,Q5,63854,7,Benzin,Manuell,4.0,Hessen,3.1,2025,8,Wednesday
2025-08-20,Mercedes-Benz,E-Klasse,88458,3,Hybrid,Automatik,1.6,Hessen,3.3,2025,8,Wednesday
2025-08-20,Mercedes-Benz,E-Klasse,65193,4,Diesel,Automatik,2.0,Hessen,4.5,2025,8,Wednesday
2025-08-20,Audi,A6,79464,2,Hybrid,Manuell,0.0,Baden-Württemberg,4.8,2025,8,Wednesday
2025-08-20,Audi,Q5,94727,4,Hybrid,Automatik,4.0,Berlin,4.1,2025,8,Wednesday
2025-08-21,Opel,Mokka,19772,3,Elektro,Automatik,0.0,Berlin,4.3,2025,8,Thursday
2025-08-23,Mercedes-Benz,Glc,101001,3,Hybrid,Manuell,1.6,Bayern,4.5,2025,8,Saturday
2025-08-24,Volkswagen,Golf,32659,4,Diesel,Manuell,0.0,Hamburg,4.5,2025,8,Sunday
2025-08-24,Audi,A4,92771,4,Elektro,Automatik,0.0,Nrw,4.7,2025,8,Sunday
2025-08-24,Opel,Grandland,35063,9,Benzin,Automatik,3.0,Hessen,3.7,2025,8,Sunday
2025-08-24,Opel,Corsa,28558,7,Elektro,Automatik,0.0,Baden-Württemberg,4.6,2025,8,Sunday
2025-08-24,Opel,Mokka,43372,1,Elektro,Automatik,0.0,Berlin,3.0,2025,8,Sunday
2025-08-25,Bmw,X5,64552,4,Diesel,Automatik,3.0,Baden-Württemberg,3.2,2025,8,Monday
2025-08-26,Mercedes-Benz,Eqe,107727,9,Elektro,Automatik,1.2,Berlin,4.6,2025,8,Tuesday
2025-08-27,Mercedes-Benz,E-Klasse,62356,5,Benzin,Automatik,0.0,Berlin,3.9,2025,8,Wednesday
2025-08-27,Audi,Q5,70981,1,Elektro,Automatik,0.0,Baden-Württemberg,4.4,2025,8,Wednesday
2025-08-29,Bmw,3Er,50818,3,Benzin,Automatik,1.2,Baden-Württemberg,3.6,2025,8,Friday
2025-08-30,Audi,Q5,60131,5,Elektro,Manuell,0.0,Nrw,4.5,2025,8,Saturday
2025-08-31,Mercedes-Benz,E-Klasse,120263,2,Elektro,Manuell,0.0,Hamburg,4.3,2025,8,Sunday
2025-09-01,Opel,Mokka,34998,7,Diesel,Manuell,3.0,Hamburg,3.0,2025,9,Monday
2025-09-01,Volkswagen,Id.4,45954,5,Elektro,Manuell,0.0,Nrw,3.7,2025,9,Monday
2025-09-02,Volkswagen,Passat,25136,6,Elektro,Automatik,0.0,Bayern,3.8,2025,9,Tuesday
2025-09-02,Mercedes-Benz,Eqe,57415,3,Elektro,Automatik,0.0,Berlin,4.1,2025,9,Tuesday
2025-09-03,Audi,E-Tron,79029,2,Elektro,Manuell,2.0,Baden-Württemberg,3.0,2025,9,Wednesday
2025-09-03,Bmw,5Er,89589,4,Diesel,Automatik,0.0,Baden-Württemberg,3.6,2025,9,Wednesday
2025-09-03,Audi,Q5,82359,3,Benzin,Automatik,0.0,Hessen,4.8,2025,9,Wednesday
2025-09-03,Audi,Q5,59710,5,Benzin,Manuell,3.0,Hessen,4.5,2025,9,Wednesday
2025-09-04,Opel,Grandland,40063,4,Diesel,Automatik,1.6,Baden-Württemberg,3.2,2025,9,Thursday
2025-09-04,Mercedes-Benz,E-Klasse,61156,7,Elektro,Manuell,0.0,Baden-Württemberg,4.7,2025,9,Thursday
2025-09-05,Volkswagen,Id.4,44218,9,Elektro,Automatik,0.0,Baden-Württemberg,4.0,2025,9,Friday
2025-09-05,Opel,Mokka,21765,8,Elektro,Manuell,0.0,Nrw,4.1,2025,9,Friday
2025-09-06,Volkswagen,Golf,48782,7,Hybrid,Manuell,4.0,Berlin,3.9,2025,9,Saturday
2025-09-08,Bmw,X5,96168,2,Benzin,Automatik,4.0,Bayern,4.9,2025,9,Monday
2025-09-09,Mercedes-Benz,Eqe,53630,9,Elektro,Automatik,0.0,Bayern,4.6,2025,9,Tuesday
2025-09-09,Opel,Mokka,37702,5,Elektro,Automatik,0.0,Hessen,3.5,2025,9,Tuesday
2025-09-09,Volkswagen,Passat,52236,1,Diesel,Manuell,0.0,Nrw,3.8,2025,9,Tuesday
2025-09-09,Bmw,5Er,55626,6,Elektro,Manuell,0.0,Baden-Württemberg,4.5,2025,9,Tuesday
2025-09-10,Opel,Astra,40977,8,Benzin,Manuell,4.0,Baden-Württemberg,4.1,2025,9,Wednesday
2025-09-10,Mercedes-Benz,Glc,82920,5,Elektro,Manuell,0.0,Nrw,4.6,2025,9,Wednesday
2025-09-10,Bmw,5Er,98574,7,Benzin,Automatik,2.0,Nrw,3.5,2025,9,Wednesday
2025-09-11,Opel,Mokka,36624,7,Diesel,Manuell,2.0,Hessen,3.5,2025,9,Thursday
2025-09-11,Volkswagen,Tiguan,51293,9,Diesel,Manuell,4.0,Nrw,3.5,2025,9,Thursday
2025-09-12,Mercedes-Benz,E-Klasse,60442,6,Benzin,Automatik,4.0,Bayern,4.5,2025,9,Friday
2025-09-12,Bmw,X5,50498,9,Benzin,Automatik,1.6,Baden-Württemberg,3.0,2025,9,Friday
2025-09-12,Bmw,I4,78290,3,Elektro,Manuell,1.6,Bayern,4.6,2025,9,Friday
2025-09-13,Bmw,X5,68580,2,Hybrid,Manuell,2.0,Hamburg,4.6,2025,9,Saturday
2025-09-13,Audi,E-Tron,76322,7,Elektro,Manuell,0.0,Hessen,4.5,2025,9,Saturday
2025-09-14,Bmw,5Er,58324,6,Benzin,Automatik,1.2,Baden-Württemberg,3.3,2025,9,Sunday
2025-09-14,Audi,E-Tron,73840,8,Elektro,Manuell,0.0,Bayern,3.6,2025,9,Sunday
2025-09-15,Audi,E-Tron,62736,5,Elektro,Automatik,0.0,Nrw,4.7,2025,9,Monday
2025-09-16,Bmw,3Er,103232,8,Diesel,Automatik,3.0,Hamburg,3.6,2025,9,Tuesday
2025-09-16,Mercedes-Benz,Eqe,100081,6,Elektro,Automatik,2.0,Bayern,4.3,2025,9,Tuesday
2025-09-17,Opel,Mokka,28293,4,Benzin,Automatik,2.0,Nrw,4.9,2025,9,Wednesday
2025-09-17,Mercedes-Benz,C-Klasse,102874,1,Elektro,Manuell,0.0,Berlin,4.9,2025,9,Wednesday
2025-09-18,Audi,A4,99538,2,Hybrid,Automatik,1.2,Baden-Württemberg,3.9,2025,9,Thursday
2025-09-19,Opel,Astra,32607,8,Hybrid,Automatik,1.2,Baden-Württemberg,4.6,2025,9,Friday
2025-09-19,Bmw,5Er,68864,6,Diesel,Manuell,1.6,Baden-Württemberg,4.7,2025,9,Friday
2025-09-19,Mercedes-Benz,Glc,88402,9,Elektro,Manuell,0.0,Berlin,3.6,2025,9,Friday
2025-09-20,Opel,Mokka,36268,8,Elektro,Manuell,0.0,Berlin,3.6,2025,9,Saturday
2025-09-20,Bmw,I4,86334,1,Elektro,Manuell,1.6,Bayern,4.6,2025,9,Saturday
2025-09-20,Volkswagen,Golf,35521,6,Benzin,Automatik,2.0,Bayern,4.4,2025,9,Saturday
2025-09-20,Opel,Mokka,35186,3,Elektro,Manuell,0.0,Nrw,4.3,2025,9,Saturday
2025-09-21,Mercedes-Benz,E-Klasse,110011,2,Diesel,Automatik,1.2,Baden-Württemberg,5.0,2025,9,Sunday
2025-09-21,Audi,A6,46155,5,Elektro,Automatik,0.0,Bayern,4.4,2025,9,Sunday
2025-09-21,Opel,Grandland,26711,9,Elektro,Automatik,0.0,Nrw,4.2,2025,9,Sunday
2025-09-22,Volkswagen,Golf,33016,5,Hybrid,Automatik,1.2,Baden-Württemberg,4.4,2025,9,Monday
2025-09-22,Audi,A6,90062,7,Benzin,Manuell,0.0,Berlin,4.0,2025,9,Monday
2025-09-23,Bmw,5Er,61193,1,Hybrid,Automatik,0.0,Bayern,4.7,2025,9,Tuesday
2025-09-23,Opel,Corsa,41816,8,Elektro,Manuell,0.0,Hessen,4.7,2025,9,Tuesday
2025-09-24,Volkswagen,Passat,55020,6,Benzin,Automatik,0.0,Baden-Württemberg,3.3,2025,9,Wednesday
2025-09-24,Opel,Grandland,32730,4,Benzin,Manuell,3.0,Bayern,3.6,2025,9,Wednesday
2025-09-24,Opel,Mokka,25929,1,Hybrid,Manuell,4.0,Baden-Württemberg,4.1,2025,9,Wednesday
2025-09-24,Audi,Q5,71226,9,Hybrid,Automatik,2.0,Nrw,4.5,2025,9,Wednesday
2025-09-24,Mercedes-Benz,E-Klasse,94789,7,Hybrid,Manuell,3.0,Hessen,4.5,2025,9,Wednesday
2025-09-25,Bmw,X5,101358,5,Elektro,Automatik,0.0,Baden-Württemberg,3.2,2025,9,Thursday
2025-09-27,Volkswagen,Tiguan,35561,6,Benzin,Manuell,1.6,Hamburg,3.5,2025,9,Saturday
2025-09-28,Volkswagen,Golf,54267,1,Benzin,Automatik,2.0,Berlin,3.7,2025,9,Sunday
2025-09-28,Mercedes-Benz,E-Klasse,61120,2,Elektro,Manuell,0.0,Bayern,4.5,2025,9,Sunday
2025-09-28,Audi,A6,45619,6,Hybrid,Manuell,0.0,Baden-Württemberg,4.0,2025,9,Sunday
2025-09-28,Mercedes-Benz,Eqe,69991,6,Elektro,Manuell,1.6,Nrw,3.0,2025,9,Sunday
2025-09-29,Audi,A6,74832,7,Elektro,Manuell,0.0,Hamburg,3.9,2025,9,Monday
2025-09-29,Audi,A6,48155,1,Benzin,Manuell,2.0,Hessen,4.8,2025,9,Monday
2025-09-30,Opel,Corsa,37149,4,Diesel,Automatik,1.6,Bayern,4.2,2025,9,Tuesday
2025-09-30,Volkswagen,Passat,54493,7,Diesel,Automatik,2.0,Bayern,4.0,2025,9,Tuesday
2025-10-01,Opel,Astra,31689,5,Diesel,Automatik,4.0,Nrw,3.1,2025,10,Wednesday
2025-10-01,Audi,A4,99819,8,Elektro,Manuell,0.0,Nrw,4.6,2025,10,Wednesday
2025-10-02,Opel,Astra,33515,6,Elektro,Manuell,0.0,Berlin,4.5,2025,10,Thursday
2025-10-03,Mercedes-Benz,E-Klasse,124085,9,Hybrid,Manuell,4.0,Berlin,4.2,2025,10,Friday
2025-10-03,Opel,Grandland,44132,4,Benzin,Manuell,4.0,Bayern,4.1,2025,10,Friday
2025-10-06,Bmw,I4,57820,9,Elektro,Manuell,0.0,Baden-Württemberg,3.4,2025,10,Monday
2025-10-06,Mercedes-Benz,E-Klasse,51589,7,Hybrid,Manuell,1.2,Hessen,4.1,2025,10,Monday
2025-10-06,Opel,Grandland,18680,4,Hybrid,Automatik,0.0,Baden-Württemberg,4.2,2025,10,Monday
2025-10-07,Opel,Corsa,36287,6,Benzin,Automatik,1.6,Hamburg,3.3,2025,10,Tuesday
2025-10-07,Mercedes-Benz,Eqe,109722,6,Elektro,Manuell,3.0,Baden-Württemberg,3.7,2025,10,Tuesday
2025-10-08,Audi,A4,64087,5,Elektro,Manuell,0.0,Nrw,5.0,2025,10,Wednesday
2025-10-09,Volkswagen,Id.4,26960,5,Elektro,Automatik,1.2,Bayern,4.8,2025,10,Thursday
2025-10-09,Volkswagen,Id.4,40233,6,Elektro,Manuell,1.6,Berlin,4.7,2025,10,Thursday
2025-10-09,Audi,E-Tron,49569,8,Elektro,Manuell,0.0,Bayern,4.9,2025,10,Thursday
2025-10-09,Mercedes-Benz,C-Klasse,112943,9,Hybrid,Manuell,1.6,Hamburg,3.7,2025,10,Thursday
2025-10-10,Opel,Astra,23310,3,Elektro,Manuell,0.0,Berlin,3.5,2025,10,Friday
2025-10-11,Volkswagen,Passat,56778,1,Hybrid,Manuell,1.6,Baden-Württemberg,4.6,2025,10,Saturday
2025-10-11,Mercedes-Benz,E-Klasse,96101,4,Hybrid,Manuell,0.0,Nrw,4.7,2025,10,Saturday
2025-10-11,Bmw,X5,81020,9,Diesel,Automatik,4.0,Baden-Württemberg,4.0,2025,10,Saturday
2025-10-12,Audi,A6,57508,6,Diesel,Manuell,1.6,Baden-Württemberg,3.7,2025,10,Sunday
2025-10-12,Audi,Q5,90628,5,Elektro,Manuell,0.0,Hessen,3.7,2025,10,Sunday
2025-10-13,Audi,E-Tron,63554,3,Elektro,Automatik,3.0,Nrw,4.1,2025,10,Monday
2025-10-14,Audi,A6,92327,5,Benzin,Automatik,1.6,Bayern,4.7,2025,10,Tuesday
2025-10-14,Audi,A6,72792,3,Diesel,Manuell,1.6,Hessen,3.2,2025,10,Tuesday
2025-10-14,Audi,A4,74397,1,Diesel,Manuell,1.2,Bayern,4.9,2025,10,Tuesday
2025-10-15,Mercedes-Benz,E-Klasse,54117,7,Elektro,Automatik,0.0,Hamburg,3.9,2025,10,Wednesday
2025-10-15,Bmw,X5,69335,6,Benzin,Manuell,1.6,Berlin,3.9,2025,10,Wednesday
2025-10-15,Opel,Astra,20808,7,Diesel,Automatik,1.2,Hamburg,4.2,2025,10,Wednesday
2025-10-16,Volkswagen,Golf,43556,7,Hybrid,Automatik,1.6,Berlin,3.5,2025,10,Thursday
2025-10-16,Bmw,3Er,106240,9,Diesel,Automatik,1.6,Bayern,4.8,2025,10,Thursday
2025-10-16,Opel,Astra,42729,3,Diesel,Automatik,3.0,Nrw,4.1,2025,10,Thursday
2025-10-16,Audi,Q5,70449,4,Benzin,Automatik,0.0,Berlin,4.0,2025,10,Thursday
2025-10-17,Bmw,I4,74689,6,Elektro,Automatik,0.0,Baden-Württemberg,3.2,2025,10,Friday
2025-10-17,Opel,Grandland,33064,1,Hybrid,Automatik,1.6,Bayern,4.1,2025,10,Friday
2025-10-18,Opel,Astra,25684,4,Hybrid,Automatik,4.0,Hessen,3.9,2025,10,Saturday
2025-10-19,Mercedes-Benz,Glc,78927,1,Diesel,Automatik,1.6,Baden-Württemberg,3.7,2025,10,Sunday
2025-10-19,Opel,Astra,38538,8,Elektro,Manuell,0.0,Hamburg,3.2,2025,10,Sunday
2025-10-19,Bmw,5Er,56087,1,Benzin,Automatik,1.2,Bayern,4.9,2025,10,Sunday
2025-10-19,Mercedes-Benz,Glc,98511,6,Hybrid,Manuell,1.6,Hessen,4.4,2025,10,Sunday
2025-10-20,Audi,A4,70013,9,Benzin,Automatik,3.0,Baden-Württemberg,3.5,2025,10,Monday
2025-10-20,Audi,A4,96223,5,Elektro,Manuell,0.0,Hessen,4.7,2025,10,Monday
2025-10-20,Volkswagen,Id.4,28278,1,Elektro,Manuell,3.0,Hessen,4.2,2025,10,Monday
2025-10-20,Mercedes-Benz,E-Klasse,74170,7,Diesel,Manuell,3.0,Hessen,3.8,2025,10,Monday
2025-10-21,Volkswagen,Id.4,35685,3,Elektro,Automatik,0.0,Berlin,4.2,2025,10,Tuesday
2025-10-21,Bmw,5Er,101408,5,Elektro,Automatik,0.0,Bayern,4.6,2025,10,Tuesday
2025-10-22,Mercedes-Benz,Glc,101813,1,Hybrid,Automatik,1.6,Nrw,4.2,2025,10,Wednesday
2025-10-22,Mercedes-Benz,C-Klasse,64743,3,Benzin,Manuell,3.0,Nrw,4.6,2025,10,Wednesday
2025-10-22,Mercedes-Benz,E-Klasse,103161,5,Elektro,Manuell,0.0,Nrw,3.9,2025,10,Wednesday
2025-10-22,Bmw,5Er,54280,8,Diesel,Manuell,2.0,Bayern,4.0,2025,10,Wednesday
2025-10-23,Bmw,3Er,101184,8,Diesel,Manuell,2.0,Berlin,4.4,2025,10,Thursday
2025-10-23,Opel,Mokka,44853,9,Elektro,Automatik,0.0,Nrw,3.6,2025,10,Thursday
2025-10-23,Audi,A4,95780,1,Elektro,Manuell,0.0,Baden-Württemberg,3.4,2025,10,Thursday
2025-10-23,Mercedes-Benz,C-Klasse,95270,2,Diesel,Manuell,1.2,Hamburg,4.9,2025,10,Thursday
2025-10-23,Bmw,X5,71485,9,Elektro,Automatik,0.0,Berlin,4.9,2025,10,Thursday
2025-10-24,Volkswagen,Passat,37828,7,Benzin,Manuell,0.0,Nrw,4.8,2025,10,Friday
2025-10-24,Mercedes-Benz,C-Klasse,91869,2,Benzin,Manuell,4.0,Bayern,3.5,2025,10,Friday
2025-10-24,Opel,Mokka,40452,4,Diesel,Automatik,1.6,Hamburg,4.3,2025,10,Friday
2025-10-25,Volkswagen,Tiguan,26757,9,Hybrid,Automatik,3.0,Nrw,4.2,2025,10,Saturday
2025-10-25,Volkswagen,Golf,34821,7,Diesel,Manuell,4.0,Bayern,4.8,2025,10,Saturday
2025-10-25,Bmw,5Er,47179,7,Benzin,Automatik,4.0,Nrw,4.3,2025,10,Saturday
2025-10-25,Opel,Corsa,24980,1,Elektro,Manuell,0.0,Berlin,4.5,2025,10,Saturday
2025-10-25,Opel,Grandland,38022,6,Diesel,Automatik,3.0,Hamburg,3.8,2025,10,Saturday
2025-10-26,Bmw,3Er,55409,3,Elektro,Manuell,0.0,Berlin,3.4,2025,10,Sunday
2025-10-26,Opel,Corsa,25480,4,Benzin,Manuell,0.0,Hessen,3.5,2025,10,Sunday
2025-10-27,Volkswagen,Id.4,58132,8,Elektro,Manuell,1.6,Hessen,3.5,2025,10,Monday
2025-10-27,Volkswagen,Tiguan,57598,3,Elektro,Manuell,0.0,Baden-Württemberg,4.7,2025,10,Monday
2025-10-27,Mercedes-Benz,Glc,69873,2,Diesel,Manuell,0.0,Bayern,3.5,2025,10,Monday
2025-10-28,Volkswagen,Tiguan,40954,2,Elektro,Manuell,0.0,Bayern,4.8,2025,10,Tuesday
2025-10-29,Mercedes-Benz,E-Klasse,55520,8,Diesel,Manuell,0.0,Bayern,3.3,2025,10,Wednesday
2025-10-30,Bmw,3Er,63485,1,Hybrid,Manuell,0.0,Nrw,3.2,2025,10,Thursday
2025-10-30,Bmw,5Er,98536,7,Diesel,Automatik,1.6,Baden-Württemberg,3.2,2025,10,Thursday
2025-10-31,Audi,Q5,69231,1,Hybrid,Manuell,3.0,Bayern,3.2,2025,10,Friday
2025-10-31,Mercedes-Benz,E-Klasse,114805,2,Diesel,Manuell,1.6,Berlin,3.7,2025,10,Friday
2025-10-31,Mercedes-Benz,Glc,78308,1,Elektro,Automatik,0.0,Berlin,3.7,2025,10,Friday
2025-10-31,Audi,Q5,60583,4,Diesel,Automatik,0.0,Baden-Württemberg,3.1,2025,10,Friday
2025-10-31,Audi,E-Tron,64417,9,Elektro,Automatik,0.0,Nrw,3.5,2025,10,Friday
2025-10-31,Bmw,3Er,81674,6,Elektro,Automatik,0.0,Bayern,3.5,2025,10,Friday
2025-11-02,Opel,Astra,20700,5,Benzin,Manuell,3.0,Nrw,4.1,2025,11,Sunday
2025-11-02,Volkswagen,Tiguan,29956,9,Hybrid,Automatik,3.0,Berlin,4.3,2025,11,Sunday
2025-11-02,Audi,A4,41381,6,Diesel,Manuell,2.0,Bayern,3.8,2025,11,Sunday
2025-11-02,Volkswagen,Golf,32927,1,Benzin,Manuell,2.0,Bayern,4.5,2025,11,Sunday
2025-11-03,Opel,Grandland,32114,2,Benzin,Manuell,1.2,Hessen,4.9,2025,11,Monday
2025-11-03,Audi,E-Tron,95420,1,Elektro,Manuell,2.0,Berlin,4.0,2025,11,Monday
2025-11-03,Opel,Grandland,21644,9,Benzin,Manuell,1.2,Nrw,4.0,2025,11,Monday
2025-11-05,Mercedes-Benz,Glc,102887,3,Hybrid,Automatik,2.0,Baden-Württemberg,4.8,2025,11,Wednesday
2025-11-05,Bmw,5Er,71400,3,Elektro,Manuell,0.0,Hamburg,4.3,2025,11,Wednesday
2025-11-06,Mercedes-Benz,E-Klasse,97377,3,Hybrid,Manuell,3.0,Baden-Württemberg,4.7,2025,11,Thursday
2025-11-06,Audi,A4,64323,2,Diesel,Manuell,2.0,Nrw,3.2,2025,11,Thursday
2025-11-06,Mercedes-Benz,E-Klasse,78230,8,Benzin,Automatik,3.0,Hamburg,3.2,2025,11,Thursday
2025-11-06,Bmw,5Er,109386,3,Benzin,Automatik,1.6,Nrw,3.9,2025,11,Thursday
2025-11-08,Bmw,3Er,107592,1,Elektro,Automatik,0.0,Hessen,3.9,2025,11,Saturday
2025-11-08,Mercedes-Benz,C-Klasse,101919,6,Benzin,Automatik,0.0,Nrw,3.8,2025,11,Saturday
2025-11-09,Opel,Grandland,36031,4,Benzin,Manuell,2.0,Berlin,3.7,2025,11,Sunday
2025-11-09,Opel,Grandland,40412,9,Hybrid,Automatik,4.0,Baden-Württemberg,4.4,2025,11,Sunday
2025-11-09,Mercedes-Benz,E-Klasse,60775,8,Elektro,Automatik,0.0,Hamburg,3.9,2025,11,Sunday
2025-11-10,Volkswagen,Tiguan,49917,3,Benzin,Automatik,1.2,Hamburg,4.0,2025,11,Monday
2025-11-11,Mercedes-Benz,E-Klasse,70700,6,Elektro,Automatik,0.0,Nrw,3.8,2025,11,Tuesday
2025-11-12,Opel,Grandland,36213,9,Benzin,Manuell,2.0,Nrw,3.6,2025,11,Wednesday
2025-11-13,Opel,Grandland,26224,8,Diesel,Manuell,2.0,Hessen,4.9,2025,11,Thursday
2025-11-14,Audi,Q5,102260,9,Diesel,Manuell,3.0,Berlin,4.2,2025,11,Friday
2025-11-15,Opel,Corsa,24474,5,Benzin,Automatik,1.2,Berlin,3.2,2025,11,Saturday
2025-11-16,Audi,A4,101997,2,Benzin,Manuell,4.0,Nrw,4.9,2025,11,Sunday
2025-11-16,Bmw,5Er,69532,1,Hybrid,Manuell,1.2,Hessen,4.9,2025,11,Sunday
2025-11-17,Volkswagen,Id.4,32352,2,Elektro,Automatik,1.2,Baden-Württemberg,3.3,2025,11,Monday
2025-11-17,Volkswagen,Passat,31591,2,Elektro,Manuell,0.0,Hamburg,3.8,2025,11,Monday
2025-11-18,Bmw,5Er,67963,6,Hybrid,Manuell,2.0,Hamburg,4.4,2025,11,Tuesday
2025-11-19,Mercedes-Benz,Glc,62625,6,Diesel,Manuell,3.0,Hamburg,3.0,2025,11,Wednesday
2025-11-19,Volkswagen,Id.4,35751,1,Elektro,Automatik,0.0,Berlin,3.4,2025,11,Wednesday
2025-11-20,Bmw,3Er,50185,9,Elektro,Manuell,0.0,Bayern,3.6,2025,11,Thursday
2025-11-20,Bmw,5Er,105774,6,Benzin,Automatik,1.6,Berlin,4.0,2025,11,Thursday
2025-11-20,Opel,Mokka,41954,6,Hybrid,Automatik,1.6,Hamburg,4.0,2025,11,Thursday
2025-11-22,Audi,Q5,90445,3,Hybrid,Manuell,0.0,Hessen,3.1,2025,11,Saturday
2025-11-23,Mercedes-Benz,E-Klasse,62237,5,Diesel,Manuell,1.6,Hessen,4.9,2025,11,Sunday
2025-11-23,Opel,Mokka,34363,4,Benzin,Automatik,4.0,Hamburg,4.1,2025,11,Sunday
2025-11-25,Bmw,X5,46306,2,Benzin,Manuell,0.0,Hamburg,5.0,2025,11,Tuesday
2025-11-26,Bmw,3Er,72228,1,Hybrid,Manuell,3.0,Bayern,5.0,2025,11,Wednesday
2025-11-26,Bmw,I4,96955,7,Elektro,Manuell,1.6,Bayern,3.2,2025,11,Wednesday
2025-11-28,Opel,Corsa,21644,3,Elektro,Automatik,0.0,Baden-Württemberg,3.2,2025,11,Friday
2025-11-28,Audi,Q5,92635,8,Elektro,Automatik,0.0,Nrw,4.9,2025,11,Friday
2025-11-30,Opel,Astra,42142,7,Elektro,Automatik,0.0,Hamburg,4.8,2025,11,Sunday
2025-11-30,Mercedes-Benz,Eqe,92261,6,Elektro,Automatik,1.2,Nrw,4.9,2025,11,Sunday
2025-12-01,Mercedes-Benz,Glc,108671,1,Elektro,Automatik,0.0,Baden-Württemberg,3.2,2025,12,Monday
2025-12-01,Audi,A6,58504,4,Diesel,Manuell,1.6,Baden-Württemberg,3.9,2025,12,Monday
2025-12-01,Bmw,I4,49025,8,Elektro,Manuell,2.0,Hessen,3.4,2025,12,Monday
2025-12-02,Bmw,5Er,51142,4,Elektro,Automatik,0.0,Nrw,4.3,2025,12,Tuesday
2025-12-02,Mercedes-Benz,E-Klasse,81802,9,Elektro,Automatik,0.0,Bayern,4.6,2025,12,Tuesday
2025-12-03,Mercedes-Benz,C-Klasse,104238,4,Diesel,Automatik,4.0,Hessen,4.4,2025,12,Wednesday
2025-12-03,Mercedes-Benz,C-Klasse,80750,8,Elektro,Automatik,0.0,Nrw,3.6,2025,12,Wednesday
2025-12-03,Volkswagen,Golf,45093,1,Diesel,Manuell,3.0,Hamburg,3.7,2025,12,Wednesday
2025-12-04,Audi,E-Tron,48811,1,Elektro,Manuell,0.0,Bayern,3.1,2025,12,Thursday
2025-12-04,Opel,Grandland,30474,5,Diesel,Automatik,4.0,Nrw,4.7,2025,12,Thursday
2025-12-04,Mercedes-Benz,Eqe,93516,4,Elektro,Manuell,2.0,Bayern,5.0,2025,12,Thursday
2025-12-04,Volkswagen,Golf,48155,5,Diesel,Manuell,1.2,Baden-Württemberg,4.0,2025,12,Thursday
2025-12-04,Bmw,3Er,92607,4,Diesel,Manuell,0.0,Berlin,4.9,2025,12,Thursday
2025-12-08,Mercedes-Benz,E-Klasse,116668,8,Hybrid,Automatik,2.0,Nrw,4.7,2025,12,Monday
2025-12-08,Volkswagen,Tiguan,28167,5,Elektro,Manuell,0.0,Hamburg,4.9,2025,12,Monday
2025-12-08,Opel,Mokka,34346,3,Elektro,Manuell,0.0,Berlin,4.6,2025,12,Monday
2025-12-08,Opel,Astra,29181,8,Hybrid,Manuell,2.0,Berlin,4.1,2025,12,Monday
2025-12-09,Bmw,5Er,68064,5,Hybrid,Automatik,1.6,Bayern,3.2,2025,12,Tuesday
2025-12-10,Audi,E-Tron,81316,7,Elektro,Manuell,0.0,Nrw,3.3,2025,12,Wednesday
2025-12-10,Audi,Q5,59596,2,Benzin,Manuell,1.2,Bayern,4.1,2025,12,Wednesday
2025-12-12,Volkswagen,Golf,59395,3,Diesel,Manuell,1.6,Bayern,4.4,2025,12,Friday
2025-12-13,Mercedes-Benz,Glc,85529,8,Elektro,Automatik,0.0,Hamburg,3.5,2025,12,Saturday
2025-12-13,Opel,Corsa,37145,7,Hybrid,Automatik,1.6,Hamburg,3.9,2025,12,Saturday
2025-12-15,Bmw,I4,86157,6,Elektro,Manuell,1.6,Baden-Württemberg,4.6,2025,12,Monday
2025-12-18,Mercedes-Benz,E-Klasse,104845,2,Diesel,Automatik,1.2,Hamburg,3.5,2025,12,Thursday
2025-12-20,Mercedes-Benz,C-Klasse,50929,6,Hybrid,Manuell,2.0,Hessen,4.7,2025,12,Saturday
2025-12-22,Audi,Q5,44017,8,Diesel,Automatik,2.0,Hessen,3.7,2025,12,Monday
2025-12-24,Bmw,5Er,89367,1,Benzin,Manuell,4.0,Berlin,3.9,2025,12,Wednesday
2025-12-25,Audi,A4,45722,8,Elektro,Manuell,0.0,Berlin,4.0,2025,12,Thursday
2025-12-25,Bmw,I4,100860,1,Elektro,Manuell,2.0,Nrw,4.4,2025,12,Thursday
2025-12-25,Volkswagen,Passat,44555,2,Elektro,Automatik,0.0,Baden-Württemberg,3.6,2025,12,Thursday
2025-12-26,Mercedes-Benz,Eqe,103459,1,Elektro,Automatik,1.2,Hessen,3.8,2025,12,Friday
2025-12-26,Volkswagen,Tiguan,57441,8,Hybrid,Manuell,1.2,Bayern,4.9,2025,12,Friday
2025-12-27,Opel,Mokka,25829,6,Elektro,Automatik,0.0,Baden-Württemberg,3.2,2025,12,Saturday
2025-12-27,Mercedes-Benz,E-Klasse,124965,2,Diesel,Automatik,1.2,Baden-Württemberg,4.7,2025,12,Saturday
2025-12-27,Opel,Astra,36822,6,Diesel,Manuell,1.2,Hessen,4.9,2025,12,Saturday
2025-12-28,Audi,A6,58845,9,Elektro,Manuell,0.0,Hessen,3.1,2025,12,Sunday
2025-12-28,Volkswagen,Golf,58919,5,Diesel,Manuell,1.6,Hessen,4.4,2025,12,Sunday
2025-12-28,Audi,Q5,91098,3,Hybrid,Manuell,1.6,Berlin,3.5,2025,12,Sunday
2025-12-29,Bmw,I4,70242,8,Elektro,Automatik,0.0,Nrw,4.6,2025,12,Monday
2025-12-30,Opel,Grandland,44536,4,Diesel,Manuell,1.2,Baden-Württemberg,3.4,2025,12,Tuesday
2025-12-30,Bmw,I4,69944,3,Elektro,Manuell,0.0,Hamburg,3.4,2025,12,Tuesday
